#
# There is insufficient memory for the Java Runtime Environment to continue.
# Native memory allocation (malloc) failed to allocate 1209664 bytes. Error detail: Chunk::new
# Possible reasons:
#   The system is out of physical RAM or swap space
#   This process is running with CompressedOops enabled, and the Java Heap may be blocking the growth of the native heap
# Possible solutions:
#   Reduce memory load on the system
#   Increase physical memory or swap space
#   Check if swap backing store is full
#   Decrease Java heap size (-Xmx/-Xms)
#   Decrease number of Java threads
#   Decrease Java thread stack sizes (-Xss)
#   Set larger code cache with -XX:ReservedCodeCacheSize=
#   JVM is running with Unscaled Compressed Oops mode in which the Java heap is
#     placed in the first 4GB address space. The Java Heap base address is the
#     maximum limit for the native heap growth. Please use -XX:HeapBaseMinAddress
#     to set the Java Heap base and to place the Java Heap above 4GB virtual address.
# This output file may be truncated or incomplete.
#
#  Out of Memory Error (arena.cpp:168), pid=10384, tid=7704
#
# JRE version: OpenJDK Runtime Environment (21.0.9) (build 21.0.9+-14787801-b1163.94)
# Java VM: OpenJDK 64-Bit Server VM (21.0.9+-14787801-b1163.94, mixed mode, tiered, compressed oops, compressed class ptrs, g1 gc, windows-amd64)
# No core dump will be written. Minidumps are not enabled by default on client versions of Windows
#

---------------  S U M M A R Y ------------

Command Line: --add-opens=java.base/java.lang=ALL-UNNAMED --add-opens=java.base/java.lang.invoke=ALL-UNNAMED --add-opens=java.base/java.util=ALL-UNNAMED --add-opens=java.prefs/java.util.prefs=ALL-UNNAMED --add-exports=jdk.compiler/com.sun.tools.javac.api=ALL-UNNAMED --add-exports=jdk.compiler/com.sun.tools.javac.util=ALL-UNNAMED --add-opens=java.base/java.util=ALL-UNNAMED --add-opens=java.prefs/java.util.prefs=ALL-UNNAMED --add-opens=java.base/java.nio.charset=ALL-UNNAMED --add-opens=java.base/java.net=ALL-UNNAMED --add-opens=java.base/java.util.concurrent=ALL-UNNAMED --add-opens=java.base/java.util.concurrent.atomic=ALL-UNNAMED --add-opens=java.xml/javax.xml.namespace=ALL-UNNAMED --add-opens=java.base/java.time=ALL-UNNAMED -Xmx2048m -Dfile.encoding=UTF-8 -Duser.country=FR -Duser.language=fr -Duser.variant -javaagent:C:\Users\DELL\.gradle\wrapper\dists\gradle-9.3.1-bin\23ovyewtku6u96viwx3xl3oks\gradle-9.3.1\lib\agents\gradle-instrumentation-agent-9.3.1.jar org.gradle.launcher.daemon.bootstrap.GradleDaemon 9.3.1

Host: Intel(R) Core(TM) i5-3230M CPU @ 2.60GHz, 4 cores, 5G,  Windows 10 , 64 bit Build 19041 (10.0.19041.3636)
Time: Fri May  1 00:33:42 2026 elapsed time: 790.806326 seconds (0d 0h 13m 10s)

---------------  T H R E A D  ---------------

Current thread (0x00000251ee0544c0):  JavaThread "C2 CompilerThread0" daemon [_thread_in_native, id=7704, stack(0x000000d9fd500000,0x000000d9fd600000) (1024K)]


Current CompileTask:
C2:790806 26344   !   4       java.net.URLClassLoader::findClass (47 bytes)

Stack: [0x000000d9fd500000,0x000000d9fd600000]
Native frames: (J=compiled Java code, j=interpreted, Vv=VM code, C=native code)
V  [jvm.dll+0x6d6c99]
V  [jvm.dll+0x866b83]
V  [jvm.dll+0x8691ae]
V  [jvm.dll+0x869893]
V  [jvm.dll+0x280776]
V  [jvm.dll+0xc07cd]
V  [jvm.dll+0xc0d03]
V  [jvm.dll+0x3b986b]
V  [jvm.dll+0x1dfcb2]
V  [jvm.dll+0x2495b4]
V  [jvm.dll+0x248a31]
V  [jvm.dll+0x1c7344]
V  [jvm.dll+0x2581ae]
V  [jvm.dll+0x2566f6]
V  [jvm.dll+0x3f48a6]
V  [jvm.dll+0x80f118]
V  [jvm.dll+0x6d54ed]
C  [ucrtbase.dll+0x21bb2]
C  [KERNEL32.DLL+0x17344]
C  [ntdll.dll+0x526b1]


---------------  P R O C E S S  ---------------

Threads class SMR info:
_java_thread_list=0x0000025192f1b7e0, length=74, elements={
0x00000251d2fd56a0, 0x00000251ee016080, 0x00000251ee03df50, 0x00000251ee0409c0,
0x00000251ee028ce0, 0x00000251ee029740, 0x00000251ee02af50, 0x00000251ee049f50,
0x00000251ee0544c0, 0x00000251ee0582a0, 0x00000251ee303160, 0x00000251efbc9070,
0x00000251f00e0110, 0x00000251ee21c7c0, 0x00000251ee21ce30, 0x00000251ef5e4990,
0x00000251ee62f120, 0x00000251f01f5bc0, 0x00000251f01f68e0, 0x00000251f01f6250,
0x00000251f01f6f70, 0x00000251f01f4810, 0x00000251f01f7600, 0x00000251f01f4180,
0x00000251f0cc1280, 0x00000251f0cbeb20, 0x00000251f0cbd0e0, 0x00000251f0cbe490,
0x00000251f0cbc3c0, 0x00000251f0cbfed0, 0x00000251f0cbde00, 0x00000251f0cc0bf0,
0x00000251f0cc0560, 0x00000251f0cc1910, 0x00000251f0cc2630, 0x00000251f0cbb6a0,
0x00000251f0cbca50, 0x00000251f0cc2cc0, 0x00000251f0cbf1b0, 0x00000251f0cbf840,
0x00000251f2d96000, 0x00000251f2d98760, 0x00000251f2d97a40, 0x00000251f2d94c50,
0x00000251f2d945c0, 0x00000251f2d95970, 0x00000251f419eec0, 0x00000251f41992e0,
0x00000251f419d480, 0x00000251f419ad20, 0x00000251f2700890, 0x00000251f26fe130,
0x00000251f0cbd770, 0x00000251f51862c0, 0x00000251f5186950, 0x00000251f5186fe0,
0x00000251f5187670, 0x00000251f5187d00, 0x00000251f51890b0, 0x00000251f518aaf0,
0x00000251f518b180, 0x00000251f51841f0, 0x00000251f518b810, 0x00000251f5184f10,
0x00000251f51855a0, 0x00000251f4428ae0, 0x00000251f442d310, 0x00000251f4429170,
0x00000251f442c5f0, 0x00000251f442a520, 0x00000251f442abb0, 0x00000251f66ba5b0,
0x00000251f66bac40, 0x00000251f66bb2d0
}

Java Threads: ( => current thread )
  0x00000251d2fd56a0 JavaThread "main"                              [_thread_blocked, id=12532, stack(0x000000d9fc600000,0x000000d9fc700000) (1024K)]
  0x00000251ee016080 JavaThread "Common-Cleaner"             daemon [_thread_blocked, id=2292, stack(0x000000d9fce00000,0x000000d9fcf00000) (1024K)]
  0x00000251ee03df50 JavaThread "Reference Handler"          daemon [_thread_blocked, id=2980, stack(0x000000d9fcf00000,0x000000d9fd000000) (1024K)]
  0x00000251ee0409c0 JavaThread "Finalizer"                  daemon [_thread_blocked, id=6484, stack(0x000000d9fd000000,0x000000d9fd100000) (1024K)]
  0x00000251ee028ce0 JavaThread "Signal Dispatcher"          daemon [_thread_blocked, id=8200, stack(0x000000d9fd100000,0x000000d9fd200000) (1024K)]
  0x00000251ee029740 JavaThread "Attach Listener"            daemon [_thread_blocked, id=7400, stack(0x000000d9fd200000,0x000000d9fd300000) (1024K)]
  0x00000251ee02af50 JavaThread "Service Thread"             daemon [_thread_blocked, id=2012, stack(0x000000d9fd300000,0x000000d9fd400000) (1024K)]
  0x00000251ee049f50 JavaThread "Monitor Deflation Thread"   daemon [_thread_blocked, id=5568, stack(0x000000d9fd400000,0x000000d9fd500000) (1024K)]
=>0x00000251ee0544c0 JavaThread "C2 CompilerThread0"         daemon [_thread_in_native, id=7704, stack(0x000000d9fd500000,0x000000d9fd600000) (1024K)]
  0x00000251ee0582a0 JavaThread "C1 CompilerThread0"         daemon [_thread_blocked, id=9224, stack(0x000000d9fd600000,0x000000d9fd700000) (1024K)]
  0x00000251ee303160 JavaThread "Notification Thread"        daemon [_thread_blocked, id=12528, stack(0x000000d9fd700000,0x000000d9fd800000) (1024K)]
  0x00000251efbc9070 JavaThread "Daemon health stats"               [_thread_blocked, id=9492, stack(0x000000d9fc400000,0x000000d9fc500000) (1024K)]
  0x00000251f00e0110 JavaThread "Incoming local TCP Connector on port 49900"        [_thread_in_native, id=7776, stack(0x000000d9fc500000,0x000000d9fc600000) (1024K)]
  0x00000251ee21c7c0 JavaThread "Daemon periodic checks"            [_thread_blocked, id=8336, stack(0x000000d9fda00000,0x000000d9fdb00000) (1024K)]
  0x00000251ee21ce30 JavaThread "Daemon"                            [_thread_blocked, id=9616, stack(0x000000d9fdc00000,0x000000d9fdd00000) (1024K)]
  0x00000251ef5e4990 JavaThread "Handler for socket connection from /127.0.0.1:49900 to /127.0.0.1:49901"        [_thread_in_native, id=9620, stack(0x000000d9fdd00000,0x000000d9fde00000) (1024K)]
  0x00000251ee62f120 JavaThread "Cancel handler"                    [_thread_blocked, id=4052, stack(0x000000d9fde00000,0x000000d9fdf00000) (1024K)]
  0x00000251f01f5bc0 JavaThread "Daemon worker"                     [_thread_in_native, id=5540, stack(0x000000d9fdf00000,0x000000d9fe000000) (1024K)]
  0x00000251f01f68e0 JavaThread "Asynchronous log dispatcher for DefaultDaemonConnection: socket connection from /127.0.0.1:49900 to /127.0.0.1:49901"        [_thread_blocked, id=2428, stack(0x000000d9fe000000,0x000000d9fe100000) (1024K)]
  0x00000251f01f6250 JavaThread "Stdin handler"                     [_thread_blocked, id=1608, stack(0x000000d9fe100000,0x000000d9fe200000) (1024K)]
  0x00000251f01f6f70 JavaThread "Daemon client event forwarder"        [_thread_blocked, id=8632, stack(0x000000d9fe200000,0x000000d9fe300000) (1024K)]
  0x00000251f01f4810 JavaThread "Cache worker for journal cache (C:\Users\DELL\.gradle\caches\journal-1)"        [_thread_blocked, id=9644, stack(0x000000d9fe300000,0x000000d9fe400000) (1024K)]
  0x00000251f01f7600 JavaThread "File lock request listener"        [_thread_in_native, id=9652, stack(0x000000d9fe400000,0x000000d9fe500000) (1024K)]
  0x00000251f01f4180 JavaThread "Cache worker for file hash cache (C:\Users\DELL\.gradle\caches\9.3.1\fileHashes)"        [_thread_blocked, id=9676, stack(0x000000d9fe600000,0x000000d9fe700000) (1024K)]
  0x00000251f0cc1280 JavaThread "Cache worker for file hash cache (C:\Users\DELL\AndroidStudioProjects\Smart_Park\.gradle\9.3.1\fileHashes)"        [_thread_blocked, id=3692, stack(0x000000d9fe500000,0x000000d9fe600000) (1024K)]
  0x00000251f0cbeb20 JavaThread "Cache worker for Build Output Cleanup Cache (C:\Users\DELL\AndroidStudioProjects\Smart_Park\.gradle\buildOutputCleanup)"        [_thread_blocked, id=3644, stack(0x000000d9fe700000,0x000000d9fe800000) (1024K)]
  0x00000251f0cbd0e0 JavaThread "File watcher server"        daemon [_thread_in_native, id=9484, stack(0x000000d9fe800000,0x000000d9fe900000) (1024K)]
  0x00000251f0cbe490 JavaThread "File watcher consumer"      daemon [_thread_blocked, id=10784, stack(0x000000d9fe900000,0x000000d9fea00000) (1024K)]
  0x00000251f0cbc3c0 JavaThread "jar transforms"                    [_thread_blocked, id=12404, stack(0x000000d9fea00000,0x000000d9feb00000) (1024K)]
  0x00000251f0cbfed0 JavaThread "jar transforms Thread 2"           [_thread_blocked, id=9336, stack(0x000000d9feb00000,0x000000d9fec00000) (1024K)]
  0x00000251f0cbde00 JavaThread "jar transforms Thread 3"           [_thread_blocked, id=6000, stack(0x000000d9fec00000,0x000000d9fed00000) (1024K)]
  0x00000251f0cc0bf0 JavaThread "jar transforms Thread 4"           [_thread_blocked, id=13252, stack(0x000000d9fed00000,0x000000d9fee00000) (1024K)]
  0x00000251f0cc0560 JavaThread "Cache worker for checksums cache (C:\Users\DELL\AndroidStudioProjects\Smart_Park\.gradle\9.3.1\checksums)"        [_thread_blocked, id=9272, stack(0x000000d9fee00000,0x000000d9fef00000) (1024K)]
  0x00000251f0cc1910 JavaThread "Cache worker for file content cache (C:\Users\DELL\.gradle\caches\9.3.1\fileContent)"        [_thread_blocked, id=7432, stack(0x000000d9fef00000,0x000000d9ff000000) (1024K)]
  0x00000251f0cc2630 JavaThread "Cache worker for cache directory md-supplier (C:\Users\DELL\.gradle\caches\9.3.1\md-supplier)"        [_thread_blocked, id=9440, stack(0x000000d9ff000000,0x000000d9ff100000) (1024K)]
  0x00000251f0cbb6a0 JavaThread "Cache worker for cache directory md-rule (C:\Users\DELL\.gradle\caches\9.3.1\md-rule)"        [_thread_blocked, id=9708, stack(0x000000d9ff100000,0x000000d9ff200000) (1024K)]
  0x00000251f0cbca50 JavaThread "Unconstrained build operations"        [_thread_blocked, id=9400, stack(0x000000d9fc300000,0x000000d9fc400000) (1024K)]
  0x00000251f0cc2cc0 JavaThread "Unconstrained build operations Thread 2"        [_thread_blocked, id=10276, stack(0x000000d9ff200000,0x000000d9ff300000) (1024K)]
  0x00000251f0cbf1b0 JavaThread "Unconstrained build operations Thread 3"        [_thread_blocked, id=7840, stack(0x000000d9ff400000,0x000000d9ff500000) (1024K)]
  0x00000251f0cbf840 JavaThread "Unconstrained build operations Thread 4"        [_thread_blocked, id=9944, stack(0x000000d9ff500000,0x000000d9ff600000) (1024K)]
  0x00000251f2d96000 JavaThread "Unconstrained build operations Thread 5"        [_thread_blocked, id=10612, stack(0x000000d9ff600000,0x000000d9ff700000) (1024K)]
  0x00000251f2d98760 JavaThread "Unconstrained build operations Thread 6"        [_thread_blocked, id=11132, stack(0x000000d9ff700000,0x000000d9ff800000) (1024K)]
  0x00000251f2d97a40 JavaThread "Unconstrained build operations Thread 7"        [_thread_blocked, id=12264, stack(0x000000d9ff800000,0x000000d9ff900000) (1024K)]
  0x00000251f2d94c50 JavaThread "Unconstrained build operations Thread 8"        [_thread_blocked, id=9068, stack(0x000000d9ff300000,0x000000d9ff400000) (1024K)]
  0x00000251f2d945c0 JavaThread "Unconstrained build operations Thread 9"        [_thread_blocked, id=8876, stack(0x000000d9ff900000,0x000000d9ffa00000) (1024K)]
  0x00000251f2d95970 JavaThread "Unconstrained build operations Thread 10"        [_thread_blocked, id=10104, stack(0x000000d9ffa00000,0x000000d9ffb00000) (1024K)]
  0x00000251f419eec0 JavaThread "Unconstrained build operations Thread 11"        [_thread_blocked, id=12456, stack(0x000000d9ffd00000,0x000000d9ffe00000) (1024K)]
  0x00000251f41992e0 JavaThread "Unconstrained build operations Thread 12"        [_thread_blocked, id=5468, stack(0x000000d9ffe00000,0x000000d9fff00000) (1024K)]
  0x00000251f419d480 JavaThread "Unconstrained build operations Thread 13"        [_thread_blocked, id=4136, stack(0x000000d9fff00000,0x000000da00000000) (1024K)]
  0x00000251f419ad20 JavaThread "Kotlin DSL Writer"                 [_thread_blocked, id=2564, stack(0x000000d980200000,0x000000d980300000) (1024K)]
  0x00000251f2700890 JavaThread "Unconstrained build operations Thread 14"        [_thread_blocked, id=8956, stack(0x000000d980400000,0x000000d980500000) (1024K)]
  0x00000251f26fe130 JavaThread "Unconstrained build operations Thread 15"        [_thread_blocked, id=11396, stack(0x000000d980500000,0x000000d980600000) (1024K)]
  0x00000251f0cbd770 JavaThread "Unconstrained build operations Thread 16"        [_thread_blocked, id=12640, stack(0x000000d980600000,0x000000d980700000) (1024K)]
  0x00000251f51862c0 JavaThread "Unconstrained build operations Thread 17"        [_thread_blocked, id=5212, stack(0x000000d980300000,0x000000d980400000) (1024K)]
  0x00000251f5186950 JavaThread "Unconstrained build operations Thread 18"        [_thread_blocked, id=11188, stack(0x000000d980700000,0x000000d980800000) (1024K)]
  0x00000251f5186fe0 JavaThread "Unconstrained build operations Thread 19"        [_thread_blocked, id=4324, stack(0x000000d980800000,0x000000d980900000) (1024K)]
  0x00000251f5187670 JavaThread "Unconstrained build operations Thread 20"        [_thread_blocked, id=3700, stack(0x000000d980900000,0x000000d980a00000) (1024K)]
  0x00000251f5187d00 JavaThread "Unconstrained build operations Thread 21"        [_thread_blocked, id=13156, stack(0x000000d980a00000,0x000000d980b00000) (1024K)]
  0x00000251f51890b0 JavaThread "Unconstrained build operations Thread 22"        [_thread_blocked, id=7396, stack(0x000000d980b00000,0x000000d980c00000) (1024K)]
  0x00000251f518aaf0 JavaThread "Unconstrained build operations Thread 23"        [_thread_blocked, id=12300, stack(0x000000d980c00000,0x000000d980d00000) (1024K)]
  0x00000251f518b180 JavaThread "Unconstrained build operations Thread 24"        [_thread_blocked, id=11116, stack(0x000000d980d00000,0x000000d980e00000) (1024K)]
  0x00000251f51841f0 JavaThread "Unconstrained build operations Thread 25"        [_thread_blocked, id=9796, stack(0x000000d980e00000,0x000000d980f00000) (1024K)]
  0x00000251f518b810 JavaThread "Unconstrained build operations Thread 26"        [_thread_blocked, id=10480, stack(0x000000d980f00000,0x000000d981000000) (1024K)]
  0x00000251f5184f10 JavaThread "Unconstrained build operations Thread 27"        [_thread_blocked, id=10600, stack(0x000000d981000000,0x000000d981100000) (1024K)]
  0x00000251f51855a0 JavaThread "Unconstrained build operations Thread 28"        [_thread_blocked, id=10440, stack(0x000000d981100000,0x000000d981200000) (1024K)]
  0x00000251f4428ae0 JavaThread "Unconstrained build operations Thread 29"        [_thread_blocked, id=12924, stack(0x000000d981200000,0x000000d981300000) (1024K)]
  0x00000251f442d310 JavaThread "Unconstrained build operations Thread 30"        [_thread_blocked, id=10996, stack(0x000000d981300000,0x000000d981400000) (1024K)]
  0x00000251f4429170 JavaThread "Unconstrained build operations Thread 31"        [_thread_blocked, id=10620, stack(0x000000d981400000,0x000000d981500000) (1024K)]
  0x00000251f442c5f0 JavaThread "Unconstrained build operations Thread 32"        [_thread_blocked, id=1376, stack(0x000000d980000000,0x000000d980100000) (1024K)]
  0x00000251f442a520 JavaThread "Unconstrained build operations Thread 33"        [_thread_blocked, id=11584, stack(0x000000d980100000,0x000000d980200000) (1024K)]
  0x00000251f442abb0 JavaThread "Unconstrained build operations Thread 34"        [_thread_blocked, id=10192, stack(0x000000d981500000,0x000000d981600000) (1024K)]
  0x00000251f66ba5b0 JavaThread "Unconstrained build operations Thread 35"        [_thread_blocked, id=11376, stack(0x000000d981600000,0x000000d981700000) (1024K)]
  0x00000251f66bac40 JavaThread "Unconstrained build operations Thread 36"        [_thread_blocked, id=11444, stack(0x000000d981700000,0x000000d981800000) (1024K)]
  0x00000251f66bb2d0 JavaThread "Unconstrained build operations Thread 37"        [_thread_blocked, id=12564, stack(0x000000d981800000,0x000000d981900000) (1024K)]
Total: 74

Other Threads:
  0x00000251e9dc5f90 VMThread "VM Thread"                           [id=7588, stack(0x000000d9fcd00000,0x000000d9fce00000) (1024K)]
  0x00000251e9da3430 WatcherThread "VM Periodic Task Thread"        [id=5400, stack(0x000000d9fcc00000,0x000000d9fcd00000) (1024K)]
  0x00000251d0e7d040 WorkerThread "GC Thread#0"                     [id=11224, stack(0x000000d9fc700000,0x000000d9fc800000) (1024K)]
  0x00000251ee4f3b30 WorkerThread "GC Thread#1"                     [id=1336, stack(0x000000d9fd800000,0x000000d9fd900000) (1024K)]
  0x00000251ee0a3f90 WorkerThread "GC Thread#2"                     [id=7324, stack(0x000000d9fd900000,0x000000d9fda00000) (1024K)]
  0x00000251ee296470 WorkerThread "GC Thread#3"                     [id=1264, stack(0x000000d9fdb00000,0x000000d9fdc00000) (1024K)]
  0x00000251d0e7e800 ConcurrentGCThread "G1 Main Marker"            [id=4584, stack(0x000000d9fc800000,0x000000d9fc900000) (1024K)]
  0x00000251d3037760 WorkerThread "G1 Conc#0"                       [id=8424, stack(0x000000d9fc900000,0x000000d9fca00000) (1024K)]
  0x00000251e9c810a0 ConcurrentGCThread "G1 Refine#0"               [id=1324, stack(0x000000d9fca00000,0x000000d9fcb00000) (1024K)]
  0x00000251d30990e0 ConcurrentGCThread "G1 Service"                [id=8408, stack(0x000000d9fcb00000,0x000000d9fcc00000) (1024K)]
Total: 10

Threads with active compile tasks:
C2 CompilerThread0  792830 26344   !   4       java.net.URLClassLoader::findClass (47 bytes)
Total: 1

VM state: not at safepoint (normal execution)

VM Mutex/Monitor currently owned by a thread: None

Heap address: 0x0000000080000000, size: 2048 MB, Compressed Oops mode: 32-bit

CDS archive(s) not mapped
Compressed class space mapped at: 0x0000000100000000-0x0000000140000000, reserved size: 1073741824
Narrow klass base: 0x0000000000000000, Narrow klass shift: 3, Narrow klass range: 0x140000000

GC Precious Log:
 CardTable entry size: 512
 Card Set container configuration: InlinePtr #cards 5 size 8 Array Of Cards #cards 12 size 40 Howl #buckets 4 coarsen threshold 1843 Howl Bitmap #cards 512 size 80 coarsen threshold 460 Card regions per heap region 1 cards per card region 2048
 CPUs: 4 total, 4 available
 Memory: 6017M
 Large Page Support: Disabled
 NUMA Support: Disabled
 Compressed Oops: Enabled (32-bit)
 Heap Region Size: 1M
 Heap Min Capacity: 8M
 Heap Initial Capacity: 96M
 Heap Max Capacity: 2G
 Pre-touch: Disabled
 Parallel Workers: 4
 Concurrent Workers: 1
 Concurrent Refinement Workers: 4
 Periodic GC: Disabled

Heap:
 garbage-first heap   total 402432K, used 341221K [0x0000000080000000, 0x0000000100000000)
  region size 1024K, 164 young (167936K), 28 survivors (28672K)
 Metaspace       used 176755K, committed 179008K, reserved 1245184K
  class space    used 22640K, committed 23680K, reserved 1048576K

Heap Regions: E=young(eden), S=young(survivor), O=old, HS=humongous(starts), HC=humongous(continues), CS=collection set, F=free, TAMS=top-at-mark-start, PB=parsable bottom
|   0|0x0000000080000000, 0x0000000080100000, 0x0000000080100000|100%|HS|  |TAMS 0x0000000080000000| PB 0x0000000080000000| Complete 
|   1|0x0000000080100000, 0x0000000080200000, 0x0000000080200000|100%|HC|  |TAMS 0x0000000080100000| PB 0x0000000080100000| Complete 
|   2|0x0000000080200000, 0x0000000080300000, 0x0000000080300000|100%|HC|  |TAMS 0x0000000080200000| PB 0x0000000080200000| Complete 
|   3|0x0000000080300000, 0x0000000080400000, 0x0000000080400000|100%|HC|  |TAMS 0x0000000080300000| PB 0x0000000080300000| Complete 
|   4|0x0000000080400000, 0x0000000080500000, 0x0000000080500000|100%| O|  |TAMS 0x0000000080400000| PB 0x0000000080400000| Untracked 
|   5|0x0000000080500000, 0x0000000080600000, 0x0000000080600000|100%| O|  |TAMS 0x0000000080500000| PB 0x0000000080500000| Untracked 
|   6|0x0000000080600000, 0x0000000080700000, 0x0000000080700000|100%| O|  |TAMS 0x0000000080600000| PB 0x0000000080600000| Untracked 
|   7|0x0000000080700000, 0x0000000080800000, 0x0000000080800000|100%| O|  |TAMS 0x0000000080700000| PB 0x0000000080700000| Untracked 
|   8|0x0000000080800000, 0x0000000080900000, 0x0000000080900000|100%| O|  |TAMS 0x0000000080800000| PB 0x0000000080800000| Untracked 
|   9|0x0000000080900000, 0x0000000080a00000, 0x0000000080a00000|100%| O|  |TAMS 0x0000000080900000| PB 0x0000000080900000| Untracked 
|  10|0x0000000080a00000, 0x0000000080b00000, 0x0000000080b00000|100%| O|  |TAMS 0x0000000080a00000| PB 0x0000000080a00000| Untracked 
|  11|0x0000000080b00000, 0x0000000080c00000, 0x0000000080c00000|100%| O|  |TAMS 0x0000000080b00000| PB 0x0000000080b00000| Untracked 
|  12|0x0000000080c00000, 0x0000000080d00000, 0x0000000080d00000|100%|HS|  |TAMS 0x0000000080c00000| PB 0x0000000080c00000| Complete 
|  13|0x0000000080d00000, 0x0000000080e00000, 0x0000000080e00000|100%| O|  |TAMS 0x0000000080d00000| PB 0x0000000080d00000| Untracked 
|  14|0x0000000080e00000, 0x0000000080f00000, 0x0000000080f00000|100%| O|  |TAMS 0x0000000080e00000| PB 0x0000000080e00000| Untracked 
|  15|0x0000000080f00000, 0x0000000081000000, 0x0000000081000000|100%| O|  |TAMS 0x0000000080f00000| PB 0x0000000080f00000| Untracked 
|  16|0x0000000081000000, 0x0000000081100000, 0x0000000081100000|100%| O|  |TAMS 0x0000000081000000| PB 0x0000000081000000| Untracked 
|  17|0x0000000081100000, 0x0000000081200000, 0x0000000081200000|100%| O|  |TAMS 0x0000000081100000| PB 0x0000000081100000| Untracked 
|  18|0x0000000081200000, 0x0000000081300000, 0x0000000081300000|100%| O|  |TAMS 0x0000000081200000| PB 0x0000000081200000| Untracked 
|  19|0x0000000081300000, 0x0000000081400000, 0x0000000081400000|100%| O|  |TAMS 0x0000000081300000| PB 0x0000000081300000| Untracked 
|  20|0x0000000081400000, 0x0000000081500000, 0x0000000081500000|100%| O|  |TAMS 0x0000000081400000| PB 0x0000000081400000| Untracked 
|  21|0x0000000081500000, 0x0000000081600000, 0x0000000081600000|100%|HS|  |TAMS 0x0000000081500000| PB 0x0000000081500000| Complete 
|  22|0x0000000081600000, 0x0000000081700000, 0x0000000081700000|100%|HC|  |TAMS 0x0000000081600000| PB 0x0000000081600000| Complete 
|  23|0x0000000081700000, 0x0000000081800000, 0x0000000081800000|100%|HC|  |TAMS 0x0000000081700000| PB 0x0000000081700000| Complete 
|  24|0x0000000081800000, 0x0000000081900000, 0x0000000081900000|100%|HC|  |TAMS 0x0000000081800000| PB 0x0000000081800000| Complete 
|  25|0x0000000081900000, 0x0000000081a00000, 0x0000000081a00000|100%|HC|  |TAMS 0x0000000081900000| PB 0x0000000081900000| Complete 
|  26|0x0000000081a00000, 0x0000000081b00000, 0x0000000081b00000|100%|HC|  |TAMS 0x0000000081a00000| PB 0x0000000081a00000| Complete 
|  27|0x0000000081b00000, 0x0000000081c00000, 0x0000000081c00000|100%|HS|  |TAMS 0x0000000081b00000| PB 0x0000000081b00000| Complete 
|  28|0x0000000081c00000, 0x0000000081d00000, 0x0000000081d00000|100%|HC|  |TAMS 0x0000000081c00000| PB 0x0000000081c00000| Complete 
|  29|0x0000000081d00000, 0x0000000081e00000, 0x0000000081e00000|100%|HS|  |TAMS 0x0000000081d00000| PB 0x0000000081d00000| Complete 
|  30|0x0000000081e00000, 0x0000000081f00000, 0x0000000081f00000|100%| O|  |TAMS 0x0000000081e00000| PB 0x0000000081e00000| Untracked 
|  31|0x0000000081f00000, 0x0000000082000000, 0x0000000082000000|100%| O|  |TAMS 0x0000000081f00000| PB 0x0000000081f00000| Untracked 
|  32|0x0000000082000000, 0x0000000082100000, 0x0000000082100000|100%|HS|  |TAMS 0x0000000082000000| PB 0x0000000082000000| Complete 
|  33|0x0000000082100000, 0x0000000082200000, 0x0000000082200000|100%|HC|  |TAMS 0x0000000082100000| PB 0x0000000082100000| Complete 
|  34|0x0000000082200000, 0x0000000082300000, 0x0000000082300000|100%|HS|  |TAMS 0x0000000082200000| PB 0x0000000082200000| Complete 
|  35|0x0000000082300000, 0x0000000082400000, 0x0000000082400000|100%| O|  |TAMS 0x0000000082300000| PB 0x0000000082300000| Untracked 
|  36|0x0000000082400000, 0x0000000082500000, 0x0000000082500000|100%| O|  |TAMS 0x0000000082400000| PB 0x0000000082400000| Untracked 
|  37|0x0000000082500000, 0x0000000082600000, 0x0000000082600000|100%| O|  |TAMS 0x0000000082500000| PB 0x0000000082500000| Untracked 
|  38|0x0000000082600000, 0x0000000082700000, 0x0000000082700000|100%| O|  |TAMS 0x0000000082600000| PB 0x0000000082600000| Untracked 
|  39|0x0000000082700000, 0x0000000082800000, 0x0000000082800000|100%| O|  |TAMS 0x0000000082700000| PB 0x0000000082700000| Untracked 
|  40|0x0000000082800000, 0x0000000082900000, 0x0000000082900000|100%| O|Cm|TAMS 0x0000000082800000| PB 0x0000000082800000| Complete 
|  41|0x0000000082900000, 0x0000000082a00000, 0x0000000082a00000|100%| O|  |TAMS 0x0000000082900000| PB 0x0000000082900000| Untracked 
|  42|0x0000000082a00000, 0x0000000082b00000, 0x0000000082b00000|100%| O|  |TAMS 0x0000000082a00000| PB 0x0000000082a00000| Untracked 
|  43|0x0000000082b00000, 0x0000000082c00000, 0x0000000082c00000|100%| O|  |TAMS 0x0000000082b00000| PB 0x0000000082b00000| Untracked 
|  44|0x0000000082c00000, 0x0000000082d00000, 0x0000000082d00000|100%| O|  |TAMS 0x0000000082c00000| PB 0x0000000082c00000| Untracked 
|  45|0x0000000082d00000, 0x0000000082e00000, 0x0000000082e00000|100%| O|  |TAMS 0x0000000082d00000| PB 0x0000000082d00000| Untracked 
|  46|0x0000000082e00000, 0x0000000082f00000, 0x0000000082f00000|100%| O|  |TAMS 0x0000000082e00000| PB 0x0000000082e00000| Untracked 
|  47|0x0000000082f00000, 0x0000000083000000, 0x0000000083000000|100%| O|  |TAMS 0x0000000082f00000| PB 0x0000000082f00000| Untracked 
|  48|0x0000000083000000, 0x0000000083100000, 0x0000000083100000|100%| O|  |TAMS 0x0000000083000000| PB 0x0000000083000000| Untracked 
|  49|0x0000000083100000, 0x0000000083200000, 0x0000000083200000|100%| O|  |TAMS 0x0000000083100000| PB 0x0000000083100000| Untracked 
|  50|0x0000000083200000, 0x0000000083300000, 0x0000000083300000|100%| O|  |TAMS 0x0000000083200000| PB 0x0000000083200000| Untracked 
|  51|0x0000000083300000, 0x0000000083400000, 0x0000000083400000|100%| O|  |TAMS 0x0000000083300000| PB 0x0000000083300000| Untracked 
|  52|0x0000000083400000, 0x0000000083500000, 0x0000000083500000|100%| O|  |TAMS 0x0000000083400000| PB 0x0000000083400000| Untracked 
|  53|0x0000000083500000, 0x0000000083600000, 0x0000000083600000|100%| O|  |TAMS 0x0000000083500000| PB 0x0000000083500000| Untracked 
|  54|0x0000000083600000, 0x0000000083700000, 0x0000000083700000|100%| O|  |TAMS 0x0000000083600000| PB 0x0000000083600000| Untracked 
|  55|0x0000000083700000, 0x0000000083800000, 0x0000000083800000|100%| O|  |TAMS 0x0000000083700000| PB 0x0000000083700000| Untracked 
|  56|0x0000000083800000, 0x0000000083900000, 0x0000000083900000|100%| O|  |TAMS 0x0000000083800000| PB 0x0000000083800000| Untracked 
|  57|0x0000000083900000, 0x0000000083a00000, 0x0000000083a00000|100%| O|  |TAMS 0x0000000083900000| PB 0x0000000083900000| Untracked 
|  58|0x0000000083a00000, 0x0000000083b00000, 0x0000000083b00000|100%| O|  |TAMS 0x0000000083a00000| PB 0x0000000083a00000| Untracked 
|  59|0x0000000083b00000, 0x0000000083c00000, 0x0000000083c00000|100%|HS|  |TAMS 0x0000000083b00000| PB 0x0000000083b00000| Complete 
|  60|0x0000000083c00000, 0x0000000083d00000, 0x0000000083d00000|100%|HC|  |TAMS 0x0000000083c00000| PB 0x0000000083c00000| Complete 
|  61|0x0000000083d00000, 0x0000000083e00000, 0x0000000083e00000|100%| O|  |TAMS 0x0000000083d00000| PB 0x0000000083d00000| Untracked 
|  62|0x0000000083e00000, 0x0000000083f00000, 0x0000000083f00000|100%| O|  |TAMS 0x0000000083e00000| PB 0x0000000083e00000| Untracked 
|  63|0x0000000083f00000, 0x0000000084000000, 0x0000000084000000|100%| O|  |TAMS 0x0000000083f00000| PB 0x0000000083f00000| Untracked 
|  64|0x0000000084000000, 0x0000000084100000, 0x0000000084100000|100%| O|  |TAMS 0x0000000084000000| PB 0x0000000084000000| Untracked 
|  65|0x0000000084100000, 0x0000000084200000, 0x0000000084200000|100%| O|  |TAMS 0x0000000084100000| PB 0x0000000084100000| Untracked 
|  66|0x0000000084200000, 0x0000000084300000, 0x0000000084300000|100%| O|  |TAMS 0x0000000084200000| PB 0x0000000084200000| Untracked 
|  67|0x0000000084300000, 0x0000000084400000, 0x0000000084400000|100%| O|  |TAMS 0x0000000084300000| PB 0x0000000084300000| Untracked 
|  68|0x0000000084400000, 0x0000000084500000, 0x0000000084500000|100%| O|  |TAMS 0x0000000084400000| PB 0x0000000084400000| Untracked 
|  69|0x0000000084500000, 0x0000000084600000, 0x0000000084600000|100%| O|  |TAMS 0x0000000084500000| PB 0x0000000084500000| Untracked 
|  70|0x0000000084600000, 0x0000000084700000, 0x0000000084700000|100%| O|  |TAMS 0x0000000084600000| PB 0x0000000084600000| Untracked 
|  71|0x0000000084700000, 0x0000000084800000, 0x0000000084800000|100%| O|  |TAMS 0x0000000084700000| PB 0x0000000084700000| Untracked 
|  72|0x0000000084800000, 0x0000000084900000, 0x0000000084900000|100%| O|  |TAMS 0x0000000084800000| PB 0x0000000084800000| Untracked 
|  73|0x0000000084900000, 0x0000000084a00000, 0x0000000084a00000|100%| O|  |TAMS 0x0000000084900000| PB 0x0000000084900000| Untracked 
|  74|0x0000000084a00000, 0x0000000084b00000, 0x0000000084b00000|100%| O|  |TAMS 0x0000000084a00000| PB 0x0000000084a00000| Untracked 
|  75|0x0000000084b00000, 0x0000000084c00000, 0x0000000084c00000|100%|HS|  |TAMS 0x0000000084b00000| PB 0x0000000084b00000| Complete 
|  76|0x0000000084c00000, 0x0000000084d00000, 0x0000000084d00000|100%|HC|  |TAMS 0x0000000084c00000| PB 0x0000000084c00000| Complete 
|  77|0x0000000084d00000, 0x0000000084e00000, 0x0000000084e00000|100%|HC|  |TAMS 0x0000000084d00000| PB 0x0000000084d00000| Complete 
|  78|0x0000000084e00000, 0x0000000084f00000, 0x0000000084f00000|100%|HC|  |TAMS 0x0000000084e00000| PB 0x0000000084e00000| Complete 
|  79|0x0000000084f00000, 0x0000000085000000, 0x0000000085000000|100%|HC|  |TAMS 0x0000000084f00000| PB 0x0000000084f00000| Complete 
|  80|0x0000000085000000, 0x0000000085100000, 0x0000000085100000|100%|HC|  |TAMS 0x0000000085000000| PB 0x0000000085000000| Complete 
|  81|0x0000000085100000, 0x0000000085200000, 0x0000000085200000|100%| O|  |TAMS 0x0000000085100000| PB 0x0000000085100000| Untracked 
|  82|0x0000000085200000, 0x0000000085300000, 0x0000000085300000|100%| O|  |TAMS 0x0000000085200000| PB 0x0000000085200000| Untracked 
|  83|0x0000000085300000, 0x0000000085400000, 0x0000000085400000|100%| O|  |TAMS 0x0000000085300000| PB 0x0000000085300000| Untracked 
|  84|0x0000000085400000, 0x0000000085500000, 0x0000000085500000|100%| O|  |TAMS 0x0000000085400000| PB 0x0000000085400000| Untracked 
|  85|0x0000000085500000, 0x0000000085600000, 0x0000000085600000|100%| O|  |TAMS 0x0000000085500000| PB 0x0000000085500000| Untracked 
|  86|0x0000000085600000, 0x0000000085700000, 0x0000000085700000|100%| O|  |TAMS 0x0000000085600000| PB 0x0000000085600000| Untracked 
|  87|0x0000000085700000, 0x0000000085800000, 0x0000000085800000|100%| O|  |TAMS 0x0000000085700000| PB 0x0000000085700000| Untracked 
|  88|0x0000000085800000, 0x0000000085900000, 0x0000000085900000|100%| O|  |TAMS 0x0000000085800000| PB 0x0000000085800000| Untracked 
|  89|0x0000000085900000, 0x0000000085a00000, 0x0000000085a00000|100%| O|  |TAMS 0x0000000085900000| PB 0x0000000085900000| Untracked 
|  90|0x0000000085a00000, 0x0000000085b00000, 0x0000000085b00000|100%| O|  |TAMS 0x0000000085a00000| PB 0x0000000085a00000| Untracked 
|  91|0x0000000085b00000, 0x0000000085c00000, 0x0000000085c00000|100%|HS|  |TAMS 0x0000000085b00000| PB 0x0000000085b00000| Complete 
|  92|0x0000000085c00000, 0x0000000085d00000, 0x0000000085d00000|100%| O|  |TAMS 0x0000000085c00000| PB 0x0000000085c00000| Untracked 
|  93|0x0000000085d00000, 0x0000000085e00000, 0x0000000085e00000|100%| O|  |TAMS 0x0000000085d00000| PB 0x0000000085d00000| Untracked 
|  94|0x0000000085e00000, 0x0000000085f00000, 0x0000000085f00000|100%| O|  |TAMS 0x0000000085e00000| PB 0x0000000085e00000| Untracked 
|  95|0x0000000085f00000, 0x0000000086000000, 0x0000000086000000|100%| O|  |TAMS 0x0000000085f00000| PB 0x0000000085f00000| Untracked 
|  96|0x0000000086000000, 0x0000000086100000, 0x0000000086100000|100%| O|  |TAMS 0x0000000086000000| PB 0x0000000086000000| Untracked 
|  97|0x0000000086100000, 0x0000000086200000, 0x0000000086200000|100%| O|  |TAMS 0x0000000086100000| PB 0x0000000086100000| Untracked 
|  98|0x0000000086200000, 0x0000000086300000, 0x0000000086300000|100%| O|  |TAMS 0x0000000086200000| PB 0x0000000086200000| Untracked 
|  99|0x0000000086300000, 0x0000000086400000, 0x0000000086400000|100%| O|  |TAMS 0x0000000086300000| PB 0x0000000086300000| Untracked 
| 100|0x0000000086400000, 0x0000000086500000, 0x0000000086500000|100%| O|  |TAMS 0x0000000086400000| PB 0x0000000086400000| Untracked 
| 101|0x0000000086500000, 0x0000000086600000, 0x0000000086600000|100%| O|  |TAMS 0x0000000086500000| PB 0x0000000086500000| Untracked 
| 102|0x0000000086600000, 0x0000000086700000, 0x0000000086700000|100%| O|  |TAMS 0x0000000086600000| PB 0x0000000086600000| Untracked 
| 103|0x0000000086700000, 0x0000000086800000, 0x0000000086800000|100%| O|  |TAMS 0x0000000086700000| PB 0x0000000086700000| Untracked 
| 104|0x0000000086800000, 0x0000000086900000, 0x0000000086900000|100%| O|  |TAMS 0x0000000086800000| PB 0x0000000086800000| Untracked 
| 105|0x0000000086900000, 0x0000000086a00000, 0x0000000086a00000|100%| O|  |TAMS 0x0000000086900000| PB 0x0000000086900000| Untracked 
| 106|0x0000000086a00000, 0x0000000086b00000, 0x0000000086b00000|100%| O|  |TAMS 0x0000000086a00000| PB 0x0000000086a00000| Untracked 
| 107|0x0000000086b00000, 0x0000000086c00000, 0x0000000086c00000|100%| O|  |TAMS 0x0000000086b00000| PB 0x0000000086b00000| Untracked 
| 108|0x0000000086c00000, 0x0000000086d00000, 0x0000000086d00000|100%| O|  |TAMS 0x0000000086c00000| PB 0x0000000086c00000| Untracked 
| 109|0x0000000086d00000, 0x0000000086e00000, 0x0000000086e00000|100%| O|  |TAMS 0x0000000086d00000| PB 0x0000000086d00000| Untracked 
| 110|0x0000000086e00000, 0x0000000086f00000, 0x0000000086f00000|100%| O|  |TAMS 0x0000000086e00000| PB 0x0000000086e00000| Untracked 
| 111|0x0000000086f00000, 0x0000000087000000, 0x0000000087000000|100%| O|  |TAMS 0x0000000086f00000| PB 0x0000000086f00000| Untracked 
| 112|0x0000000087000000, 0x0000000087100000, 0x0000000087100000|100%| O|  |TAMS 0x0000000087000000| PB 0x0000000087000000| Untracked 
| 113|0x0000000087100000, 0x0000000087200000, 0x0000000087200000|100%| O|  |TAMS 0x0000000087100000| PB 0x0000000087100000| Untracked 
| 114|0x0000000087200000, 0x0000000087300000, 0x0000000087300000|100%| O|  |TAMS 0x0000000087200000| PB 0x0000000087200000| Untracked 
| 115|0x0000000087300000, 0x0000000087400000, 0x0000000087400000|100%| O|  |TAMS 0x0000000087300000| PB 0x0000000087300000| Untracked 
| 116|0x0000000087400000, 0x0000000087500000, 0x0000000087500000|100%| O|  |TAMS 0x0000000087400000| PB 0x0000000087400000| Untracked 
| 117|0x0000000087500000, 0x0000000087600000, 0x0000000087600000|100%| O|  |TAMS 0x0000000087500000| PB 0x0000000087500000| Untracked 
| 118|0x0000000087600000, 0x0000000087700000, 0x0000000087700000|100%| O|  |TAMS 0x0000000087600000| PB 0x0000000087600000| Untracked 
| 119|0x0000000087700000, 0x0000000087800000, 0x0000000087800000|100%| O|  |TAMS 0x0000000087700000| PB 0x0000000087700000| Untracked 
| 120|0x0000000087800000, 0x0000000087900000, 0x0000000087900000|100%| O|  |TAMS 0x0000000087800000| PB 0x0000000087800000| Untracked 
| 121|0x0000000087900000, 0x0000000087a00000, 0x0000000087a00000|100%| O|  |TAMS 0x0000000087900000| PB 0x0000000087900000| Untracked 
| 122|0x0000000087a00000, 0x0000000087b00000, 0x0000000087b00000|100%| O|  |TAMS 0x0000000087a00000| PB 0x0000000087a00000| Untracked 
| 123|0x0000000087b00000, 0x0000000087c00000, 0x0000000087c00000|100%| O|  |TAMS 0x0000000087b00000| PB 0x0000000087b00000| Untracked 
| 124|0x0000000087c00000, 0x0000000087d00000, 0x0000000087d00000|100%| O|  |TAMS 0x0000000087c00000| PB 0x0000000087c00000| Untracked 
| 125|0x0000000087d00000, 0x0000000087e00000, 0x0000000087e00000|100%| O|  |TAMS 0x0000000087d00000| PB 0x0000000087d00000| Untracked 
| 126|0x0000000087e00000, 0x0000000087f00000, 0x0000000087f00000|100%| O|  |TAMS 0x0000000087e00000| PB 0x0000000087e00000| Untracked 
| 127|0x0000000087f00000, 0x0000000088000000, 0x0000000088000000|100%| O|  |TAMS 0x0000000087f00000| PB 0x0000000087f00000| Untracked 
| 128|0x0000000088000000, 0x0000000088100000, 0x0000000088100000|100%| O|  |TAMS 0x0000000088000000| PB 0x0000000088000000| Untracked 
| 129|0x0000000088100000, 0x0000000088200000, 0x0000000088200000|100%| O|  |TAMS 0x0000000088100000| PB 0x0000000088100000| Untracked 
| 130|0x0000000088200000, 0x0000000088300000, 0x0000000088300000|100%| O|  |TAMS 0x0000000088200000| PB 0x0000000088200000| Untracked 
| 131|0x0000000088300000, 0x0000000088400000, 0x0000000088400000|100%| O|  |TAMS 0x0000000088300000| PB 0x0000000088300000| Untracked 
| 132|0x0000000088400000, 0x0000000088500000, 0x0000000088500000|100%| O|  |TAMS 0x0000000088400000| PB 0x0000000088400000| Untracked 
| 133|0x0000000088500000, 0x0000000088600000, 0x0000000088600000|100%| O|  |TAMS 0x0000000088500000| PB 0x0000000088500000| Untracked 
| 134|0x0000000088600000, 0x0000000088700000, 0x0000000088700000|100%| O|  |TAMS 0x0000000088600000| PB 0x0000000088600000| Untracked 
| 135|0x0000000088700000, 0x0000000088800000, 0x0000000088800000|100%| O|  |TAMS 0x0000000088700000| PB 0x0000000088700000| Untracked 
| 136|0x0000000088800000, 0x0000000088900000, 0x0000000088900000|100%| O|  |TAMS 0x0000000088800000| PB 0x0000000088800000| Untracked 
| 137|0x0000000088900000, 0x0000000088a00000, 0x0000000088a00000|100%| O|  |TAMS 0x0000000088900000| PB 0x0000000088900000| Untracked 
| 138|0x0000000088a00000, 0x0000000088b00000, 0x0000000088b00000|100%| O|  |TAMS 0x0000000088a00000| PB 0x0000000088a00000| Untracked 
| 139|0x0000000088b00000, 0x0000000088c00000, 0x0000000088c00000|100%| O|  |TAMS 0x0000000088b00000| PB 0x0000000088b00000| Untracked 
| 140|0x0000000088c00000, 0x0000000088d00000, 0x0000000088d00000|100%| O|  |TAMS 0x0000000088c00000| PB 0x0000000088c00000| Untracked 
| 141|0x0000000088d00000, 0x0000000088e00000, 0x0000000088e00000|100%| O|  |TAMS 0x0000000088d00000| PB 0x0000000088d00000| Untracked 
| 142|0x0000000088e00000, 0x0000000088f00000, 0x0000000088f00000|100%| O|  |TAMS 0x0000000088e00000| PB 0x0000000088e00000| Untracked 
| 143|0x0000000088f00000, 0x0000000089000000, 0x0000000089000000|100%| O|  |TAMS 0x0000000088f00000| PB 0x0000000088f00000| Untracked 
| 144|0x0000000089000000, 0x0000000089100000, 0x0000000089100000|100%| O|  |TAMS 0x0000000089000000| PB 0x0000000089000000| Untracked 
| 145|0x0000000089100000, 0x0000000089200000, 0x0000000089200000|100%| O|  |TAMS 0x0000000089100000| PB 0x0000000089100000| Untracked 
| 146|0x0000000089200000, 0x0000000089300000, 0x0000000089300000|100%| O|  |TAMS 0x0000000089200000| PB 0x0000000089200000| Untracked 
| 147|0x0000000089300000, 0x0000000089400000, 0x0000000089400000|100%| O|  |TAMS 0x0000000089300000| PB 0x0000000089300000| Untracked 
| 148|0x0000000089400000, 0x0000000089500000, 0x0000000089500000|100%| O|  |TAMS 0x0000000089400000| PB 0x0000000089400000| Untracked 
| 149|0x0000000089500000, 0x0000000089600000, 0x0000000089600000|100%| O|  |TAMS 0x0000000089500000| PB 0x0000000089500000| Untracked 
| 150|0x0000000089600000, 0x0000000089700000, 0x0000000089700000|100%| O|  |TAMS 0x0000000089600000| PB 0x0000000089600000| Untracked 
| 151|0x0000000089700000, 0x0000000089800000, 0x0000000089800000|100%| O|  |TAMS 0x0000000089700000| PB 0x0000000089700000| Untracked 
| 152|0x0000000089800000, 0x0000000089900000, 0x0000000089900000|100%| O|  |TAMS 0x0000000089800000| PB 0x0000000089800000| Untracked 
| 153|0x0000000089900000, 0x0000000089a00000, 0x0000000089a00000|100%| O|  |TAMS 0x0000000089900000| PB 0x0000000089900000| Untracked 
| 154|0x0000000089a00000, 0x0000000089a39688, 0x0000000089b00000| 22%| O|  |TAMS 0x0000000089a00000| PB 0x0000000089a00000| Untracked 
| 155|0x0000000089b00000, 0x0000000089c00000, 0x0000000089c00000|100%|HS|  |TAMS 0x0000000089b00000| PB 0x0000000089b00000| Complete 
| 156|0x0000000089c00000, 0x0000000089d00000, 0x0000000089d00000|100%|HS|  |TAMS 0x0000000089c00000| PB 0x0000000089c00000| Complete 
| 157|0x0000000089d00000, 0x0000000089e00000, 0x0000000089e00000|100%| S|CS|TAMS 0x0000000089d00000| PB 0x0000000089d00000| Complete 
| 158|0x0000000089e00000, 0x0000000089f00000, 0x0000000089f00000|100%| S|CS|TAMS 0x0000000089e00000| PB 0x0000000089e00000| Complete 
| 159|0x0000000089f00000, 0x000000008a000000, 0x000000008a000000|100%| S|CS|TAMS 0x0000000089f00000| PB 0x0000000089f00000| Complete 
| 160|0x000000008a000000, 0x000000008a100000, 0x000000008a100000|100%| S|CS|TAMS 0x000000008a000000| PB 0x000000008a000000| Complete 
| 161|0x000000008a100000, 0x000000008a200000, 0x000000008a200000|100%| S|CS|TAMS 0x000000008a100000| PB 0x000000008a100000| Complete 
| 162|0x000000008a200000, 0x000000008a300000, 0x000000008a300000|100%| S|CS|TAMS 0x000000008a200000| PB 0x000000008a200000| Complete 
| 163|0x000000008a300000, 0x000000008a400000, 0x000000008a400000|100%| S|CS|TAMS 0x000000008a300000| PB 0x000000008a300000| Complete 
| 164|0x000000008a400000, 0x000000008a500000, 0x000000008a500000|100%| S|CS|TAMS 0x000000008a400000| PB 0x000000008a400000| Complete 
| 165|0x000000008a500000, 0x000000008a600000, 0x000000008a600000|100%| S|CS|TAMS 0x000000008a500000| PB 0x000000008a500000| Complete 
| 166|0x000000008a600000, 0x000000008a700000, 0x000000008a700000|100%| S|CS|TAMS 0x000000008a600000| PB 0x000000008a600000| Complete 
| 167|0x000000008a700000, 0x000000008a800000, 0x000000008a800000|100%| S|CS|TAMS 0x000000008a700000| PB 0x000000008a700000| Complete 
| 168|0x000000008a800000, 0x000000008a900000, 0x000000008a900000|100%| S|CS|TAMS 0x000000008a800000| PB 0x000000008a800000| Complete 
| 169|0x000000008a900000, 0x000000008aa00000, 0x000000008aa00000|100%| S|CS|TAMS 0x000000008a900000| PB 0x000000008a900000| Complete 
| 170|0x000000008aa00000, 0x000000008ab00000, 0x000000008ab00000|100%| S|CS|TAMS 0x000000008aa00000| PB 0x000000008aa00000| Complete 
| 171|0x000000008ab00000, 0x000000008ac00000, 0x000000008ac00000|100%| S|CS|TAMS 0x000000008ab00000| PB 0x000000008ab00000| Complete 
| 172|0x000000008ac00000, 0x000000008ad00000, 0x000000008ad00000|100%|HS|  |TAMS 0x000000008ac00000| PB 0x000000008ac00000| Complete 
| 173|0x000000008ad00000, 0x000000008ae00000, 0x000000008ae00000|100%| S|CS|TAMS 0x000000008ad00000| PB 0x000000008ad00000| Complete 
| 174|0x000000008ae00000, 0x000000008af00000, 0x000000008af00000|100%| S|CS|TAMS 0x000000008ae00000| PB 0x000000008ae00000| Complete 
| 175|0x000000008af00000, 0x000000008b000000, 0x000000008b000000|100%| S|CS|TAMS 0x000000008af00000| PB 0x000000008af00000| Complete 
| 176|0x000000008b000000, 0x000000008b100000, 0x000000008b100000|100%| S|CS|TAMS 0x000000008b000000| PB 0x000000008b000000| Complete 
| 177|0x000000008b100000, 0x000000008b200000, 0x000000008b200000|100%| S|CS|TAMS 0x000000008b100000| PB 0x000000008b100000| Complete 
| 178|0x000000008b200000, 0x000000008b300000, 0x000000008b300000|100%| S|CS|TAMS 0x000000008b200000| PB 0x000000008b200000| Complete 
| 179|0x000000008b300000, 0x000000008b400000, 0x000000008b400000|100%| S|CS|TAMS 0x000000008b300000| PB 0x000000008b300000| Complete 
| 180|0x000000008b400000, 0x000000008b500000, 0x000000008b500000|100%| S|CS|TAMS 0x000000008b400000| PB 0x000000008b400000| Complete 
| 181|0x000000008b500000, 0x000000008b600000, 0x000000008b600000|100%| S|CS|TAMS 0x000000008b500000| PB 0x000000008b500000| Complete 
| 182|0x000000008b600000, 0x000000008b700000, 0x000000008b700000|100%| S|CS|TAMS 0x000000008b600000| PB 0x000000008b600000| Complete 
| 183|0x000000008b700000, 0x000000008b800000, 0x000000008b800000|100%| S|CS|TAMS 0x000000008b700000| PB 0x000000008b700000| Complete 
| 184|0x000000008b800000, 0x000000008b900000, 0x000000008b900000|100%| S|CS|TAMS 0x000000008b800000| PB 0x000000008b800000| Complete 
| 185|0x000000008b900000, 0x000000008ba00000, 0x000000008ba00000|100%| S|CS|TAMS 0x000000008b900000| PB 0x000000008b900000| Complete 
| 186|0x000000008ba00000, 0x000000008bb00000, 0x000000008bb00000|100%|HS|  |TAMS 0x000000008ba00000| PB 0x000000008ba00000| Complete 
| 187|0x000000008bb00000, 0x000000008bc00000, 0x000000008bc00000|100%|HS|  |TAMS 0x000000008bb00000| PB 0x000000008bb00000| Complete 
| 188|0x000000008bc00000, 0x000000008bd00000, 0x000000008bd00000|100%|HS|  |TAMS 0x000000008bc00000| PB 0x000000008bc00000| Complete 
| 189|0x000000008bd00000, 0x000000008be00000, 0x000000008be00000|100%|HC|  |TAMS 0x000000008bd00000| PB 0x000000008bd00000| Complete 
| 190|0x000000008be00000, 0x000000008bf00000, 0x000000008bf00000|100%|HS|  |TAMS 0x000000008be00000| PB 0x000000008be00000| Complete 
| 191|0x000000008bf00000, 0x000000008c000000, 0x000000008c000000|100%|HS|  |TAMS 0x000000008bf00000| PB 0x000000008bf00000| Complete 
| 192|0x000000008c000000, 0x000000008c100000, 0x000000008c100000|100%|HS|  |TAMS 0x000000008c000000| PB 0x000000008c000000| Complete 
| 193|0x000000008c100000, 0x000000008c200000, 0x000000008c200000|100%|HS|  |TAMS 0x000000008c100000| PB 0x000000008c100000| Complete 
| 194|0x000000008c200000, 0x000000008c200000, 0x000000008c300000|  0%| F|  |TAMS 0x000000008c200000| PB 0x000000008c200000| Untracked 
| 195|0x000000008c300000, 0x000000008c300000, 0x000000008c400000|  0%| F|  |TAMS 0x000000008c300000| PB 0x000000008c300000| Untracked 
| 196|0x000000008c400000, 0x000000008c400000, 0x000000008c500000|  0%| F|  |TAMS 0x000000008c400000| PB 0x000000008c400000| Untracked 
| 197|0x000000008c500000, 0x000000008c500000, 0x000000008c600000|  0%| F|  |TAMS 0x000000008c500000| PB 0x000000008c500000| Untracked 
| 198|0x000000008c600000, 0x000000008c600000, 0x000000008c700000|  0%| F|  |TAMS 0x000000008c600000| PB 0x000000008c600000| Untracked 
| 199|0x000000008c700000, 0x000000008c700000, 0x000000008c800000|  0%| F|  |TAMS 0x000000008c700000| PB 0x000000008c700000| Untracked 
| 200|0x000000008c800000, 0x000000008c800000, 0x000000008c900000|  0%| F|  |TAMS 0x000000008c800000| PB 0x000000008c800000| Untracked 
| 201|0x000000008c900000, 0x000000008c900000, 0x000000008ca00000|  0%| F|  |TAMS 0x000000008c900000| PB 0x000000008c900000| Untracked 
| 202|0x000000008ca00000, 0x000000008ca00000, 0x000000008cb00000|  0%| F|  |TAMS 0x000000008ca00000| PB 0x000000008ca00000| Untracked 
| 203|0x000000008cb00000, 0x000000008cb00000, 0x000000008cc00000|  0%| F|  |TAMS 0x000000008cb00000| PB 0x000000008cb00000| Untracked 
| 204|0x000000008cc00000, 0x000000008cc00000, 0x000000008cd00000|  0%| F|  |TAMS 0x000000008cc00000| PB 0x000000008cc00000| Untracked 
| 205|0x000000008cd00000, 0x000000008cd00000, 0x000000008ce00000|  0%| F|  |TAMS 0x000000008cd00000| PB 0x000000008cd00000| Untracked 
| 206|0x000000008ce00000, 0x000000008ce00000, 0x000000008cf00000|  0%| F|  |TAMS 0x000000008ce00000| PB 0x000000008ce00000| Untracked 
| 207|0x000000008cf00000, 0x000000008cf00000, 0x000000008d000000|  0%| F|  |TAMS 0x000000008cf00000| PB 0x000000008cf00000| Untracked 
| 208|0x000000008d000000, 0x000000008d000000, 0x000000008d100000|  0%| F|  |TAMS 0x000000008d000000| PB 0x000000008d000000| Untracked 
| 209|0x000000008d100000, 0x000000008d100000, 0x000000008d200000|  0%| F|  |TAMS 0x000000008d100000| PB 0x000000008d100000| Untracked 
| 210|0x000000008d200000, 0x000000008d200000, 0x000000008d300000|  0%| F|  |TAMS 0x000000008d200000| PB 0x000000008d200000| Untracked 
| 211|0x000000008d300000, 0x000000008d300000, 0x000000008d400000|  0%| F|  |TAMS 0x000000008d300000| PB 0x000000008d300000| Untracked 
| 212|0x000000008d400000, 0x000000008d400000, 0x000000008d500000|  0%| F|  |TAMS 0x000000008d400000| PB 0x000000008d400000| Untracked 
| 213|0x000000008d500000, 0x000000008d500000, 0x000000008d600000|  0%| F|  |TAMS 0x000000008d500000| PB 0x000000008d500000| Untracked 
| 214|0x000000008d600000, 0x000000008d600000, 0x000000008d700000|  0%| F|  |TAMS 0x000000008d600000| PB 0x000000008d600000| Untracked 
| 215|0x000000008d700000, 0x000000008d700000, 0x000000008d800000|  0%| F|  |TAMS 0x000000008d700000| PB 0x000000008d700000| Untracked 
| 216|0x000000008d800000, 0x000000008d800000, 0x000000008d900000|  0%| F|  |TAMS 0x000000008d800000| PB 0x000000008d800000| Untracked 
| 217|0x000000008d900000, 0x000000008d900000, 0x000000008da00000|  0%| F|  |TAMS 0x000000008d900000| PB 0x000000008d900000| Untracked 
| 218|0x000000008da00000, 0x000000008da00000, 0x000000008db00000|  0%| F|  |TAMS 0x000000008da00000| PB 0x000000008da00000| Untracked 
| 219|0x000000008db00000, 0x000000008db00000, 0x000000008dc00000|  0%| F|  |TAMS 0x000000008db00000| PB 0x000000008db00000| Untracked 
| 220|0x000000008dc00000, 0x000000008dc00000, 0x000000008dd00000|  0%| F|  |TAMS 0x000000008dc00000| PB 0x000000008dc00000| Untracked 
| 221|0x000000008dd00000, 0x000000008dd00000, 0x000000008de00000|  0%| F|  |TAMS 0x000000008dd00000| PB 0x000000008dd00000| Untracked 
| 222|0x000000008de00000, 0x000000008de00000, 0x000000008df00000|  0%| F|  |TAMS 0x000000008de00000| PB 0x000000008de00000| Untracked 
| 223|0x000000008df00000, 0x000000008df00000, 0x000000008e000000|  0%| F|  |TAMS 0x000000008df00000| PB 0x000000008df00000| Untracked 
| 224|0x000000008e000000, 0x000000008e000000, 0x000000008e100000|  0%| F|  |TAMS 0x000000008e000000| PB 0x000000008e000000| Untracked 
| 225|0x000000008e100000, 0x000000008e100000, 0x000000008e200000|  0%| F|  |TAMS 0x000000008e100000| PB 0x000000008e100000| Untracked 
| 226|0x000000008e200000, 0x000000008e200000, 0x000000008e300000|  0%| F|  |TAMS 0x000000008e200000| PB 0x000000008e200000| Untracked 
| 227|0x000000008e300000, 0x000000008e300000, 0x000000008e400000|  0%| F|  |TAMS 0x000000008e300000| PB 0x000000008e300000| Untracked 
| 228|0x000000008e400000, 0x000000008e400000, 0x000000008e500000|  0%| F|  |TAMS 0x000000008e400000| PB 0x000000008e400000| Untracked 
| 229|0x000000008e500000, 0x000000008e500000, 0x000000008e600000|  0%| F|  |TAMS 0x000000008e500000| PB 0x000000008e500000| Untracked 
| 230|0x000000008e600000, 0x000000008e600000, 0x000000008e700000|  0%| F|  |TAMS 0x000000008e600000| PB 0x000000008e600000| Untracked 
| 231|0x000000008e700000, 0x000000008e700000, 0x000000008e800000|  0%| F|  |TAMS 0x000000008e700000| PB 0x000000008e700000| Untracked 
| 232|0x000000008e800000, 0x000000008e800000, 0x000000008e900000|  0%| F|  |TAMS 0x000000008e800000| PB 0x000000008e800000| Untracked 
| 233|0x000000008e900000, 0x000000008e900000, 0x000000008ea00000|  0%| F|  |TAMS 0x000000008e900000| PB 0x000000008e900000| Untracked 
| 234|0x000000008ea00000, 0x000000008ea00000, 0x000000008eb00000|  0%| F|  |TAMS 0x000000008ea00000| PB 0x000000008ea00000| Untracked 
| 235|0x000000008eb00000, 0x000000008eb00000, 0x000000008ec00000|  0%| F|  |TAMS 0x000000008eb00000| PB 0x000000008eb00000| Untracked 
| 236|0x000000008ec00000, 0x000000008ec00000, 0x000000008ed00000|  0%| F|  |TAMS 0x000000008ec00000| PB 0x000000008ec00000| Untracked 
| 237|0x000000008ed00000, 0x000000008ed00000, 0x000000008ee00000|  0%| F|  |TAMS 0x000000008ed00000| PB 0x000000008ed00000| Untracked 
| 238|0x000000008ee00000, 0x000000008ee00000, 0x000000008ef00000|  0%| F|  |TAMS 0x000000008ee00000| PB 0x000000008ee00000| Untracked 
| 239|0x000000008ef00000, 0x000000008ef00000, 0x000000008f000000|  0%| F|  |TAMS 0x000000008ef00000| PB 0x000000008ef00000| Untracked 
| 240|0x000000008f000000, 0x000000008f000000, 0x000000008f100000|  0%| F|  |TAMS 0x000000008f000000| PB 0x000000008f000000| Untracked 
| 241|0x000000008f100000, 0x000000008f100000, 0x000000008f200000|  0%| F|  |TAMS 0x000000008f100000| PB 0x000000008f100000| Untracked 
| 242|0x000000008f200000, 0x000000008f200000, 0x000000008f300000|  0%| F|  |TAMS 0x000000008f200000| PB 0x000000008f200000| Untracked 
| 243|0x000000008f300000, 0x000000008f300000, 0x000000008f400000|  0%| F|  |TAMS 0x000000008f300000| PB 0x000000008f300000| Untracked 
| 244|0x000000008f400000, 0x000000008f400000, 0x000000008f500000|  0%| F|  |TAMS 0x000000008f400000| PB 0x000000008f400000| Untracked 
| 245|0x000000008f500000, 0x000000008f500000, 0x000000008f600000|  0%| F|  |TAMS 0x000000008f500000| PB 0x000000008f500000| Untracked 
| 246|0x000000008f600000, 0x000000008f600000, 0x000000008f700000|  0%| F|  |TAMS 0x000000008f600000| PB 0x000000008f600000| Untracked 
| 247|0x000000008f700000, 0x000000008f700000, 0x000000008f800000|  0%| F|  |TAMS 0x000000008f700000| PB 0x000000008f700000| Untracked 
| 248|0x000000008f800000, 0x000000008f800000, 0x000000008f900000|  0%| F|  |TAMS 0x000000008f800000| PB 0x000000008f800000| Untracked 
| 249|0x000000008f900000, 0x000000008f900000, 0x000000008fa00000|  0%| F|  |TAMS 0x000000008f900000| PB 0x000000008f900000| Untracked 
| 250|0x000000008fa00000, 0x000000008fa00000, 0x000000008fb00000|  0%| F|  |TAMS 0x000000008fa00000| PB 0x000000008fa00000| Untracked 
| 251|0x000000008fb00000, 0x000000008fb03eb0, 0x000000008fc00000|  1%| E|  |TAMS 0x000000008fb00000| PB 0x000000008fb00000| Complete 
| 252|0x000000008fc00000, 0x000000008fd00000, 0x000000008fd00000|100%| E|CS|TAMS 0x000000008fc00000| PB 0x000000008fc00000| Complete 
| 253|0x000000008fd00000, 0x000000008fe00000, 0x000000008fe00000|100%| E|CS|TAMS 0x000000008fd00000| PB 0x000000008fd00000| Complete 
| 254|0x000000008fe00000, 0x000000008ff00000, 0x000000008ff00000|100%| E|CS|TAMS 0x000000008fe00000| PB 0x000000008fe00000| Complete 
| 255|0x000000008ff00000, 0x0000000090000000, 0x0000000090000000|100%| E|CS|TAMS 0x000000008ff00000| PB 0x000000008ff00000| Complete 
| 256|0x0000000090000000, 0x0000000090100000, 0x0000000090100000|100%| E|CS|TAMS 0x0000000090000000| PB 0x0000000090000000| Complete 
| 257|0x0000000090100000, 0x0000000090200000, 0x0000000090200000|100%| E|CS|TAMS 0x0000000090100000| PB 0x0000000090100000| Complete 
| 258|0x0000000090200000, 0x0000000090300000, 0x0000000090300000|100%| E|CS|TAMS 0x0000000090200000| PB 0x0000000090200000| Complete 
| 259|0x0000000090300000, 0x0000000090400000, 0x0000000090400000|100%| E|CS|TAMS 0x0000000090300000| PB 0x0000000090300000| Complete 
| 260|0x0000000090400000, 0x0000000090500000, 0x0000000090500000|100%| E|CS|TAMS 0x0000000090400000| PB 0x0000000090400000| Complete 
| 261|0x0000000090500000, 0x0000000090600000, 0x0000000090600000|100%| E|CS|TAMS 0x0000000090500000| PB 0x0000000090500000| Complete 
| 262|0x0000000090600000, 0x0000000090700000, 0x0000000090700000|100%| E|CS|TAMS 0x0000000090600000| PB 0x0000000090600000| Complete 
| 263|0x0000000090700000, 0x0000000090800000, 0x0000000090800000|100%| E|CS|TAMS 0x0000000090700000| PB 0x0000000090700000| Complete 
| 264|0x0000000090800000, 0x0000000090900000, 0x0000000090900000|100%| E|CS|TAMS 0x0000000090800000| PB 0x0000000090800000| Complete 
| 265|0x0000000090900000, 0x0000000090a00000, 0x0000000090a00000|100%| E|CS|TAMS 0x0000000090900000| PB 0x0000000090900000| Complete 
| 266|0x0000000090a00000, 0x0000000090b00000, 0x0000000090b00000|100%| E|CS|TAMS 0x0000000090a00000| PB 0x0000000090a00000| Complete 
| 267|0x0000000090b00000, 0x0000000090c00000, 0x0000000090c00000|100%| E|CS|TAMS 0x0000000090b00000| PB 0x0000000090b00000| Complete 
| 268|0x0000000090c00000, 0x0000000090d00000, 0x0000000090d00000|100%| E|CS|TAMS 0x0000000090c00000| PB 0x0000000090c00000| Complete 
| 269|0x0000000090d00000, 0x0000000090e00000, 0x0000000090e00000|100%| E|CS|TAMS 0x0000000090d00000| PB 0x0000000090d00000| Complete 
| 270|0x0000000090e00000, 0x0000000090f00000, 0x0000000090f00000|100%| E|CS|TAMS 0x0000000090e00000| PB 0x0000000090e00000| Complete 
| 271|0x0000000090f00000, 0x0000000091000000, 0x0000000091000000|100%| E|CS|TAMS 0x0000000090f00000| PB 0x0000000090f00000| Complete 
| 272|0x0000000091000000, 0x0000000091100000, 0x0000000091100000|100%| E|CS|TAMS 0x0000000091000000| PB 0x0000000091000000| Complete 
| 273|0x0000000091100000, 0x0000000091200000, 0x0000000091200000|100%| E|CS|TAMS 0x0000000091100000| PB 0x0000000091100000| Complete 
| 274|0x0000000091200000, 0x0000000091300000, 0x0000000091300000|100%| E|CS|TAMS 0x0000000091200000| PB 0x0000000091200000| Complete 
| 275|0x0000000091300000, 0x0000000091400000, 0x0000000091400000|100%| E|CS|TAMS 0x0000000091300000| PB 0x0000000091300000| Complete 
| 276|0x0000000091400000, 0x0000000091500000, 0x0000000091500000|100%| E|CS|TAMS 0x0000000091400000| PB 0x0000000091400000| Complete 
| 277|0x0000000091500000, 0x0000000091600000, 0x0000000091600000|100%| E|CS|TAMS 0x0000000091500000| PB 0x0000000091500000| Complete 
| 278|0x0000000091600000, 0x0000000091700000, 0x0000000091700000|100%| E|CS|TAMS 0x0000000091600000| PB 0x0000000091600000| Complete 
| 279|0x0000000091700000, 0x0000000091800000, 0x0000000091800000|100%| E|CS|TAMS 0x0000000091700000| PB 0x0000000091700000| Complete 
| 280|0x0000000091800000, 0x0000000091900000, 0x0000000091900000|100%| E|CS|TAMS 0x0000000091800000| PB 0x0000000091800000| Complete 
| 281|0x0000000091900000, 0x0000000091a00000, 0x0000000091a00000|100%| E|CS|TAMS 0x0000000091900000| PB 0x0000000091900000| Complete 
| 282|0x0000000091a00000, 0x0000000091b00000, 0x0000000091b00000|100%| E|CS|TAMS 0x0000000091a00000| PB 0x0000000091a00000| Complete 
| 283|0x0000000091b00000, 0x0000000091c00000, 0x0000000091c00000|100%| E|CS|TAMS 0x0000000091b00000| PB 0x0000000091b00000| Complete 
| 284|0x0000000091c00000, 0x0000000091d00000, 0x0000000091d00000|100%| E|CS|TAMS 0x0000000091c00000| PB 0x0000000091c00000| Complete 
| 285|0x0000000091d00000, 0x0000000091e00000, 0x0000000091e00000|100%| E|CS|TAMS 0x0000000091d00000| PB 0x0000000091d00000| Complete 
| 286|0x0000000091e00000, 0x0000000091f00000, 0x0000000091f00000|100%| E|CS|TAMS 0x0000000091e00000| PB 0x0000000091e00000| Complete 
| 287|0x0000000091f00000, 0x0000000092000000, 0x0000000092000000|100%| E|CS|TAMS 0x0000000091f00000| PB 0x0000000091f00000| Complete 
| 288|0x0000000092000000, 0x0000000092100000, 0x0000000092100000|100%| E|CS|TAMS 0x0000000092000000| PB 0x0000000092000000| Complete 
| 289|0x0000000092100000, 0x0000000092200000, 0x0000000092200000|100%| E|CS|TAMS 0x0000000092100000| PB 0x0000000092100000| Complete 
| 290|0x0000000092200000, 0x0000000092300000, 0x0000000092300000|100%| E|CS|TAMS 0x0000000092200000| PB 0x0000000092200000| Complete 
| 291|0x0000000092300000, 0x0000000092400000, 0x0000000092400000|100%| E|  |TAMS 0x0000000092300000| PB 0x0000000092300000| Complete 
| 292|0x0000000092400000, 0x0000000092500000, 0x0000000092500000|100%| E|CS|TAMS 0x0000000092400000| PB 0x0000000092400000| Complete 
| 293|0x0000000092500000, 0x0000000092600000, 0x0000000092600000|100%| E|CS|TAMS 0x0000000092500000| PB 0x0000000092500000| Complete 
| 294|0x0000000092600000, 0x0000000092700000, 0x0000000092700000|100%| E|CS|TAMS 0x0000000092600000| PB 0x0000000092600000| Complete 
| 295|0x0000000092700000, 0x0000000092800000, 0x0000000092800000|100%| E|CS|TAMS 0x0000000092700000| PB 0x0000000092700000| Complete 
| 296|0x0000000092800000, 0x0000000092900000, 0x0000000092900000|100%| E|CS|TAMS 0x0000000092800000| PB 0x0000000092800000| Complete 
| 297|0x0000000092900000, 0x0000000092a00000, 0x0000000092a00000|100%| E|CS|TAMS 0x0000000092900000| PB 0x0000000092900000| Complete 
| 298|0x0000000092a00000, 0x0000000092b00000, 0x0000000092b00000|100%| E|CS|TAMS 0x0000000092a00000| PB 0x0000000092a00000| Complete 
| 299|0x0000000092b00000, 0x0000000092c00000, 0x0000000092c00000|100%| E|CS|TAMS 0x0000000092b00000| PB 0x0000000092b00000| Complete 
| 300|0x0000000092c00000, 0x0000000092d00000, 0x0000000092d00000|100%| E|CS|TAMS 0x0000000092c00000| PB 0x0000000092c00000| Complete 
| 301|0x0000000092d00000, 0x0000000092e00000, 0x0000000092e00000|100%| E|CS|TAMS 0x0000000092d00000| PB 0x0000000092d00000| Complete 
| 302|0x0000000092e00000, 0x0000000092f00000, 0x0000000092f00000|100%| E|CS|TAMS 0x0000000092e00000| PB 0x0000000092e00000| Complete 
| 303|0x0000000092f00000, 0x0000000093000000, 0x0000000093000000|100%| E|CS|TAMS 0x0000000092f00000| PB 0x0000000092f00000| Complete 
| 304|0x0000000093000000, 0x0000000093100000, 0x0000000093100000|100%| E|CS|TAMS 0x0000000093000000| PB 0x0000000093000000| Complete 
| 305|0x0000000093100000, 0x0000000093200000, 0x0000000093200000|100%| E|CS|TAMS 0x0000000093100000| PB 0x0000000093100000| Complete 
| 306|0x0000000093200000, 0x0000000093300000, 0x0000000093300000|100%| E|CS|TAMS 0x0000000093200000| PB 0x0000000093200000| Complete 
| 307|0x0000000093300000, 0x0000000093400000, 0x0000000093400000|100%| E|CS|TAMS 0x0000000093300000| PB 0x0000000093300000| Complete 
| 308|0x0000000093400000, 0x0000000093500000, 0x0000000093500000|100%| E|CS|TAMS 0x0000000093400000| PB 0x0000000093400000| Complete 
| 309|0x0000000093500000, 0x0000000093600000, 0x0000000093600000|100%| E|CS|TAMS 0x0000000093500000| PB 0x0000000093500000| Complete 
| 310|0x0000000093600000, 0x0000000093700000, 0x0000000093700000|100%| E|CS|TAMS 0x0000000093600000| PB 0x0000000093600000| Complete 
| 311|0x0000000093700000, 0x0000000093800000, 0x0000000093800000|100%| E|CS|TAMS 0x0000000093700000| PB 0x0000000093700000| Complete 
| 312|0x0000000093800000, 0x0000000093900000, 0x0000000093900000|100%| E|CS|TAMS 0x0000000093800000| PB 0x0000000093800000| Complete 
| 313|0x0000000093900000, 0x0000000093a00000, 0x0000000093a00000|100%| E|CS|TAMS 0x0000000093900000| PB 0x0000000093900000| Complete 
| 314|0x0000000093a00000, 0x0000000093b00000, 0x0000000093b00000|100%| E|CS|TAMS 0x0000000093a00000| PB 0x0000000093a00000| Complete 
| 315|0x0000000093b00000, 0x0000000093c00000, 0x0000000093c00000|100%| E|CS|TAMS 0x0000000093b00000| PB 0x0000000093b00000| Complete 
| 316|0x0000000093c00000, 0x0000000093d00000, 0x0000000093d00000|100%| E|CS|TAMS 0x0000000093c00000| PB 0x0000000093c00000| Complete 
| 317|0x0000000093d00000, 0x0000000093e00000, 0x0000000093e00000|100%| E|CS|TAMS 0x0000000093d00000| PB 0x0000000093d00000| Complete 
| 318|0x0000000093e00000, 0x0000000093f00000, 0x0000000093f00000|100%| E|CS|TAMS 0x0000000093e00000| PB 0x0000000093e00000| Complete 
| 319|0x0000000093f00000, 0x0000000094000000, 0x0000000094000000|100%| E|CS|TAMS 0x0000000093f00000| PB 0x0000000093f00000| Complete 
| 320|0x0000000094000000, 0x0000000094100000, 0x0000000094100000|100%| E|CS|TAMS 0x0000000094000000| PB 0x0000000094000000| Complete 
| 321|0x0000000094100000, 0x0000000094200000, 0x0000000094200000|100%| E|CS|TAMS 0x0000000094100000| PB 0x0000000094100000| Complete 
| 322|0x0000000094200000, 0x0000000094300000, 0x0000000094300000|100%| E|CS|TAMS 0x0000000094200000| PB 0x0000000094200000| Complete 
| 323|0x0000000094300000, 0x0000000094400000, 0x0000000094400000|100%| E|CS|TAMS 0x0000000094300000| PB 0x0000000094300000| Complete 
| 324|0x0000000094400000, 0x0000000094500000, 0x0000000094500000|100%| E|CS|TAMS 0x0000000094400000| PB 0x0000000094400000| Complete 
| 325|0x0000000094500000, 0x0000000094600000, 0x0000000094600000|100%| E|CS|TAMS 0x0000000094500000| PB 0x0000000094500000| Complete 
| 326|0x0000000094600000, 0x0000000094700000, 0x0000000094700000|100%| E|CS|TAMS 0x0000000094600000| PB 0x0000000094600000| Complete 
| 327|0x0000000094700000, 0x0000000094800000, 0x0000000094800000|100%| E|CS|TAMS 0x0000000094700000| PB 0x0000000094700000| Complete 
| 328|0x0000000094800000, 0x0000000094900000, 0x0000000094900000|100%| E|CS|TAMS 0x0000000094800000| PB 0x0000000094800000| Complete 
| 329|0x0000000094900000, 0x0000000094a00000, 0x0000000094a00000|100%| E|CS|TAMS 0x0000000094900000| PB 0x0000000094900000| Complete 
| 330|0x0000000094a00000, 0x0000000094b00000, 0x0000000094b00000|100%| E|CS|TAMS 0x0000000094a00000| PB 0x0000000094a00000| Complete 
| 331|0x0000000094b00000, 0x0000000094c00000, 0x0000000094c00000|100%| E|CS|TAMS 0x0000000094b00000| PB 0x0000000094b00000| Complete 
| 332|0x0000000094c00000, 0x0000000094d00000, 0x0000000094d00000|100%| E|CS|TAMS 0x0000000094c00000| PB 0x0000000094c00000| Complete 
| 333|0x0000000094d00000, 0x0000000094e00000, 0x0000000094e00000|100%| E|CS|TAMS 0x0000000094d00000| PB 0x0000000094d00000| Complete 
| 334|0x0000000094e00000, 0x0000000094f00000, 0x0000000094f00000|100%| E|CS|TAMS 0x0000000094e00000| PB 0x0000000094e00000| Complete 
| 335|0x0000000094f00000, 0x0000000095000000, 0x0000000095000000|100%| E|CS|TAMS 0x0000000094f00000| PB 0x0000000094f00000| Complete 
| 336|0x0000000095000000, 0x0000000095100000, 0x0000000095100000|100%| E|CS|TAMS 0x0000000095000000| PB 0x0000000095000000| Complete 
| 337|0x0000000095100000, 0x0000000095200000, 0x0000000095200000|100%| E|CS|TAMS 0x0000000095100000| PB 0x0000000095100000| Complete 
| 338|0x0000000095200000, 0x0000000095300000, 0x0000000095300000|100%| E|CS|TAMS 0x0000000095200000| PB 0x0000000095200000| Complete 
| 339|0x0000000095300000, 0x0000000095400000, 0x0000000095400000|100%| E|CS|TAMS 0x0000000095300000| PB 0x0000000095300000| Complete 
| 340|0x0000000095400000, 0x0000000095500000, 0x0000000095500000|100%| E|CS|TAMS 0x0000000095400000| PB 0x0000000095400000| Complete 
| 341|0x0000000095500000, 0x0000000095600000, 0x0000000095600000|100%| E|CS|TAMS 0x0000000095500000| PB 0x0000000095500000| Complete 
| 342|0x0000000095600000, 0x0000000095700000, 0x0000000095700000|100%| E|CS|TAMS 0x0000000095600000| PB 0x0000000095600000| Complete 
| 343|0x0000000095700000, 0x0000000095800000, 0x0000000095800000|100%| E|CS|TAMS 0x0000000095700000| PB 0x0000000095700000| Complete 
| 344|0x0000000095800000, 0x0000000095900000, 0x0000000095900000|100%| E|CS|TAMS 0x0000000095800000| PB 0x0000000095800000| Complete 
| 345|0x0000000095900000, 0x0000000095a00000, 0x0000000095a00000|100%| E|CS|TAMS 0x0000000095900000| PB 0x0000000095900000| Complete 
| 346|0x0000000095a00000, 0x0000000095b00000, 0x0000000095b00000|100%| E|CS|TAMS 0x0000000095a00000| PB 0x0000000095a00000| Complete 
| 347|0x0000000095b00000, 0x0000000095c00000, 0x0000000095c00000|100%| E|CS|TAMS 0x0000000095b00000| PB 0x0000000095b00000| Complete 
| 348|0x0000000095c00000, 0x0000000095d00000, 0x0000000095d00000|100%| E|CS|TAMS 0x0000000095c00000| PB 0x0000000095c00000| Complete 
| 349|0x0000000095d00000, 0x0000000095e00000, 0x0000000095e00000|100%| E|CS|TAMS 0x0000000095d00000| PB 0x0000000095d00000| Complete 
| 350|0x0000000095e00000, 0x0000000095f00000, 0x0000000095f00000|100%| E|CS|TAMS 0x0000000095e00000| PB 0x0000000095e00000| Complete 
| 351|0x0000000095f00000, 0x0000000096000000, 0x0000000096000000|100%| E|CS|TAMS 0x0000000095f00000| PB 0x0000000095f00000| Complete 
| 352|0x0000000096000000, 0x0000000096100000, 0x0000000096100000|100%| E|CS|TAMS 0x0000000096000000| PB 0x0000000096000000| Complete 
| 353|0x0000000096100000, 0x0000000096200000, 0x0000000096200000|100%| E|CS|TAMS 0x0000000096100000| PB 0x0000000096100000| Complete 
| 354|0x0000000096200000, 0x0000000096300000, 0x0000000096300000|100%| E|CS|TAMS 0x0000000096200000| PB 0x0000000096200000| Complete 
| 355|0x0000000096300000, 0x0000000096400000, 0x0000000096400000|100%| E|CS|TAMS 0x0000000096300000| PB 0x0000000096300000| Complete 
| 356|0x0000000096400000, 0x0000000096500000, 0x0000000096500000|100%| E|CS|TAMS 0x0000000096400000| PB 0x0000000096400000| Complete 
| 357|0x0000000096500000, 0x0000000096600000, 0x0000000096600000|100%| E|CS|TAMS 0x0000000096500000| PB 0x0000000096500000| Complete 
| 358|0x0000000096600000, 0x0000000096700000, 0x0000000096700000|100%| E|CS|TAMS 0x0000000096600000| PB 0x0000000096600000| Complete 
| 359|0x0000000096700000, 0x0000000096800000, 0x0000000096800000|100%| E|CS|TAMS 0x0000000096700000| PB 0x0000000096700000| Complete 
| 360|0x0000000096800000, 0x0000000096900000, 0x0000000096900000|100%| E|CS|TAMS 0x0000000096800000| PB 0x0000000096800000| Complete 
| 361|0x0000000096900000, 0x0000000096a00000, 0x0000000096a00000|100%| E|CS|TAMS 0x0000000096900000| PB 0x0000000096900000| Complete 
| 362|0x0000000096a00000, 0x0000000096b00000, 0x0000000096b00000|100%| E|CS|TAMS 0x0000000096a00000| PB 0x0000000096a00000| Complete 
|2018|0x00000000fe200000, 0x00000000fe300000, 0x00000000fe300000|100%| E|CS|TAMS 0x00000000fe200000| PB 0x00000000fe200000| Complete 
|2019|0x00000000fe300000, 0x00000000fe400000, 0x00000000fe400000|100%| E|CS|TAMS 0x00000000fe300000| PB 0x00000000fe300000| Complete 
|2020|0x00000000fe400000, 0x00000000fe500000, 0x00000000fe500000|100%| E|CS|TAMS 0x00000000fe400000| PB 0x00000000fe400000| Complete 
|2021|0x00000000fe500000, 0x00000000fe600000, 0x00000000fe600000|100%| E|CS|TAMS 0x00000000fe500000| PB 0x00000000fe500000| Complete 
|2022|0x00000000fe600000, 0x00000000fe700000, 0x00000000fe700000|100%| E|CS|TAMS 0x00000000fe600000| PB 0x00000000fe600000| Complete 
|2023|0x00000000fe700000, 0x00000000fe800000, 0x00000000fe800000|100%| E|CS|TAMS 0x00000000fe700000| PB 0x00000000fe700000| Complete 
|2024|0x00000000fe800000, 0x00000000fe900000, 0x00000000fe900000|100%| E|CS|TAMS 0x00000000fe800000| PB 0x00000000fe800000| Complete 
|2025|0x00000000fe900000, 0x00000000fea00000, 0x00000000fea00000|100%| E|CS|TAMS 0x00000000fe900000| PB 0x00000000fe900000| Complete 
|2026|0x00000000fea00000, 0x00000000feb00000, 0x00000000feb00000|100%| E|CS|TAMS 0x00000000fea00000| PB 0x00000000fea00000| Complete 
|2027|0x00000000feb00000, 0x00000000fec00000, 0x00000000fec00000|100%| E|CS|TAMS 0x00000000feb00000| PB 0x00000000feb00000| Complete 
|2028|0x00000000fec00000, 0x00000000fed00000, 0x00000000fed00000|100%| E|CS|TAMS 0x00000000fec00000| PB 0x00000000fec00000| Complete 
|2029|0x00000000fed00000, 0x00000000fee00000, 0x00000000fee00000|100%| E|CS|TAMS 0x00000000fed00000| PB 0x00000000fed00000| Complete 
|2030|0x00000000fee00000, 0x00000000fef00000, 0x00000000fef00000|100%| E|CS|TAMS 0x00000000fee00000| PB 0x00000000fee00000| Complete 
|2031|0x00000000fef00000, 0x00000000ff000000, 0x00000000ff000000|100%| E|CS|TAMS 0x00000000fef00000| PB 0x00000000fef00000| Complete 
|2032|0x00000000ff000000, 0x00000000ff100000, 0x00000000ff100000|100%| E|CS|TAMS 0x00000000ff000000| PB 0x00000000ff000000| Complete 
|2033|0x00000000ff100000, 0x00000000ff200000, 0x00000000ff200000|100%| E|CS|TAMS 0x00000000ff100000| PB 0x00000000ff100000| Complete 
|2034|0x00000000ff200000, 0x00000000ff300000, 0x00000000ff300000|100%| E|CS|TAMS 0x00000000ff200000| PB 0x00000000ff200000| Complete 
|2035|0x00000000ff300000, 0x00000000ff400000, 0x00000000ff400000|100%| E|CS|TAMS 0x00000000ff300000| PB 0x00000000ff300000| Complete 
|2036|0x00000000ff400000, 0x00000000ff500000, 0x00000000ff500000|100%| E|CS|TAMS 0x00000000ff400000| PB 0x00000000ff400000| Complete 
|2037|0x00000000ff500000, 0x00000000ff600000, 0x00000000ff600000|100%| E|CS|TAMS 0x00000000ff500000| PB 0x00000000ff500000| Complete 
|2038|0x00000000ff600000, 0x00000000ff700000, 0x00000000ff700000|100%| E|CS|TAMS 0x00000000ff600000| PB 0x00000000ff600000| Complete 
|2039|0x00000000ff700000, 0x00000000ff800000, 0x00000000ff800000|100%| O|  |TAMS 0x00000000ff700000| PB 0x00000000ff700000| Untracked 
|2040|0x00000000ff800000, 0x00000000ff900000, 0x00000000ff900000|100%| O|  |TAMS 0x00000000ff800000| PB 0x00000000ff800000| Untracked 
|2041|0x00000000ff900000, 0x00000000ffa00000, 0x00000000ffa00000|100%| O|  |TAMS 0x00000000ff900000| PB 0x00000000ff900000| Untracked 
|2042|0x00000000ffa00000, 0x00000000ffb00000, 0x00000000ffb00000|100%| E|CS|TAMS 0x00000000ffa00000| PB 0x00000000ffa00000| Complete 
|2043|0x00000000ffb00000, 0x00000000ffc00000, 0x00000000ffc00000|100%| E|CS|TAMS 0x00000000ffb00000| PB 0x00000000ffb00000| Complete 
|2044|0x00000000ffc00000, 0x00000000ffd00000, 0x00000000ffd00000|100%| E|CS|TAMS 0x00000000ffc00000| PB 0x00000000ffc00000| Complete 
|2045|0x00000000ffd00000, 0x00000000ffe00000, 0x00000000ffe00000|100%| O|  |TAMS 0x00000000ffd00000| PB 0x00000000ffd00000| Untracked 
|2046|0x00000000ffe00000, 0x00000000fff00000, 0x00000000fff00000|100%| O|  |TAMS 0x00000000ffe00000| PB 0x00000000ffe00000| Untracked 
|2047|0x00000000fff00000, 0x0000000100000000, 0x0000000100000000|100%| O|  |TAMS 0x00000000fff00000| PB 0x00000000fff00000| Untracked 

Card table byte_map: [0x00000251e5540000,0x00000251e5940000] _byte_map_base: 0x00000251e5140000

Marking Bits: (CMBitMap*) 0x00000251d0e7d740
 Bits: [0x00000251e5940000, 0x00000251e7940000)

Polling page: 0x00000251d27a0000

Metaspace:

Usage:
  Non-class:    150.50 MB used.
      Class:     22.11 MB used.
       Both:    172.61 MB used.

Virtual space:
  Non-class space:      192.00 MB reserved,     151.69 MB ( 79%) committed,  3 nodes.
      Class space:        1.00 GB reserved,      23.12 MB (  2%) committed,  1 nodes.
             Both:        1.19 GB reserved,     174.81 MB ( 14%) committed. 

Chunk freelists:
   Non-Class:  8.36 MB
       Class:  8.70 MB
        Both:  17.06 MB

MaxMetaspaceSize: unlimited
CompressedClassSpaceSize: 1.00 GB
Initial GC threshold: 21.00 MB
Current GC threshold: 285.75 MB
CDS: off
 - commit_granule_bytes: 65536.
 - commit_granule_words: 8192.
 - virtual_space_node_default_size: 8388608.
 - enlarge_chunks_in_place: 1.
 - use_allocation_guard: 0.


Internal statistics:

num_allocs_failed_limit: 6.
num_arena_births: 4056.
num_arena_deaths: 10.
num_vsnodes_births: 4.
num_vsnodes_deaths: 0.
num_space_committed: 2796.
num_space_uncommitted: 0.
num_chunks_returned_to_freelist: 25.
num_chunks_taken_from_freelist: 10700.
num_chunk_merges: 3.
num_chunk_splits: 7591.
num_chunks_enlarged: 5496.
num_inconsistent_stats: 0.

CodeHeap 'non-profiled nmethods': size=120000Kb used=15762Kb max_used=15762Kb free=104237Kb
 bounds [0x00000251ddc10000, 0x00000251deb80000, 0x00000251e5140000]
CodeHeap 'profiled nmethods': size=120000Kb used=34939Kb max_used=36744Kb free=85060Kb
 bounds [0x00000251d6140000, 0x00000251d8550000, 0x00000251dd670000]
CodeHeap 'non-nmethods': size=5760Kb used=2301Kb max_used=2367Kb free=3458Kb
 bounds [0x00000251dd670000, 0x00000251dd8e0000, 0x00000251ddc10000]
CodeCache: size=245760Kb, used=53002Kb, max_used=54873Kb, free=192755Kb
 total_blobs=17733, nmethods=16586, adapters=1049, full_count=0
Compilation: enabled, stopped_count=0, restarted_count=0

Compilation events (20 events):
Event: 788.497 Thread 0x00000251ee0582a0 nmethod 26334 0x00000251d68fb890 code [0x00000251d68fba40, 0x00000251d68fbb88]
Event: 788.497 Thread 0x00000251ee0582a0 26335       3       org.gradle.internal.instantiation.generator.AsmBackedClassGenerator$ClassBuilderImpl$$Lambda/0x0000000100304c78::<init> (15 bytes)
Event: 788.497 Thread 0x00000251ee0582a0 nmethod 26335 0x00000251d68fb410 code [0x00000251d68fb5c0, 0x00000251d68fb7e0]
Event: 788.497 Thread 0x00000251ee0582a0 26336       3       org.gradle.internal.instantiation.generator.AsmBackedClassGenerator$ClassBuilderImpl$$Lambda/0x0000000100304c78::emit (13 bytes)
Event: 788.497 Thread 0x00000251ee0582a0 nmethod 26336 0x00000251d68fb010 code [0x00000251d68fb1c0, 0x00000251d68fb310]
Event: 788.498 Thread 0x00000251ee0582a0 26337       3       org.gradle.internal.instantiation.generator.AsmBackedClassGenerator$ClassBuilderImpl$12::<init> (28 bytes)
Event: 788.498 Thread 0x00000251ee0582a0 nmethod 26337 0x00000251d68fa610 code [0x00000251d68fa800, 0x00000251d68fae38]
Event: 788.499 Thread 0x00000251ee0582a0 26338       3       jdk.internal.org.objectweb.asm.ClassReader::getFirstAttributeOffset (136 bytes)
Event: 788.499 Thread 0x00000251ee0582a0 nmethod 26338 0x00000251d68f9a90 code [0x00000251d68f9ce0, 0x00000251d68fa370]
Event: 788.502 Thread 0x00000251ee0582a0 26339       1       org.gradle.api.internal.collections.DefaultCollectionEventRegister::getAddActions (5 bytes)
Event: 788.502 Thread 0x00000251ee0582a0 nmethod 26339 0x00000251deb72d10 code [0x00000251deb72ea0, 0x00000251deb72f68]
Event: 788.503 Thread 0x00000251ee0582a0 26340       1       org.gradle.model.internal.asm.AsmClassGenerator::getVisitor (5 bytes)
Event: 788.503 Thread 0x00000251ee0582a0 nmethod 26340 0x00000251deb73010 code [0x00000251deb731a0, 0x00000251deb73268]
Event: 788.504 Thread 0x00000251ee0582a0 26341       3       java.lang.invoke.MethodHandles$Lookup$ClassFile::readUnsignedShort (39 bytes)
Event: 788.504 Thread 0x00000251ee0582a0 nmethod 26341 0x00000251d7ebec10 code [0x00000251d7ebedc0, 0x00000251d7ebf018]
Event: 788.505 Thread 0x00000251ee0582a0 26342       1       jdk.internal.org.objectweb.asm.ClassReader::getMaxStringLength (5 bytes)
Event: 788.505 Thread 0x00000251ee0582a0 nmethod 26342 0x00000251deb73310 code [0x00000251deb734a0, 0x00000251deb73568]
Event: 788.521 Thread 0x00000251ee0544c0 26343       4       java.util.zip.ZipFile$ZipFileInflaterInputStream::available (44 bytes)
Event: 788.523 Thread 0x00000251ee0544c0 nmethod 26343 0x00000251deb73610 code [0x00000251deb737c0, 0x00000251deb73b10]
Event: 790.508 Thread 0x00000251ee0544c0 26344   !   4       java.net.URLClassLoader::findClass (47 bytes)

GC Heap History (20 events):
Event: 759.849 GC heap before
{Heap before GC invocations=277 (full 0):
 garbage-first heap   total 402432K, used 252927K [0x0000000080000000, 0x0000000100000000)
  region size 1024K, 91 young (93184K), 14 survivors (14336K)
 Metaspace       used 173343K, committed 175552K, reserved 1245184K
  class space    used 22248K, committed 23296K, reserved 1048576K
}
Event: 759.852 GC heap after
{Heap after GC invocations=278 (full 0):
 garbage-first heap   total 402432K, used 160895K [0x0000000080000000, 0x0000000100000000)
  region size 1024K, 2 young (2048K), 2 survivors (2048K)
 Metaspace       used 173343K, committed 175552K, reserved 1245184K
  class space    used 22248K, committed 23296K, reserved 1048576K
}
Event: 761.286 GC heap before
{Heap before GC invocations=279 (full 0):
 garbage-first heap   total 402432K, used 381055K [0x0000000080000000, 0x0000000100000000)
  region size 1024K, 216 young (221184K), 2 survivors (2048K)
 Metaspace       used 173343K, committed 175552K, reserved 1245184K
  class space    used 22248K, committed 23296K, reserved 1048576K
}
Event: 761.300 GC heap after
{Heap after GC invocations=280 (full 0):
 garbage-first heap   total 402432K, used 166369K [0x0000000080000000, 0x0000000100000000)
  region size 1024K, 7 young (7168K), 7 survivors (7168K)
 Metaspace       used 173343K, committed 175552K, reserved 1245184K
  class space    used 22248K, committed 23296K, reserved 1048576K
}
Event: 762.215 GC heap before
{Heap before GC invocations=280 (full 0):
 garbage-first heap   total 402432K, used 379361K [0x0000000080000000, 0x0000000100000000)
  region size 1024K, 215 young (220160K), 7 survivors (7168K)
 Metaspace       used 173344K, committed 175552K, reserved 1245184K
  class space    used 22248K, committed 23296K, reserved 1048576K
}
Event: 762.221 GC heap after
{Heap after GC invocations=281 (full 0):
 garbage-first heap   total 402432K, used 159611K [0x0000000080000000, 0x0000000100000000)
  region size 1024K, 1 young (1024K), 1 survivors (1024K)
 Metaspace       used 173344K, committed 175552K, reserved 1245184K
  class space    used 22248K, committed 23296K, reserved 1048576K
}
Event: 763.021 GC heap before
{Heap before GC invocations=281 (full 0):
 garbage-first heap   total 402432K, used 286587K [0x0000000080000000, 0x0000000100000000)
  region size 1024K, 127 young (130048K), 1 survivors (1024K)
 Metaspace       used 173344K, committed 175552K, reserved 1245184K
  class space    used 22248K, committed 23296K, reserved 1048576K
}
Event: 763.025 GC heap after
{Heap after GC invocations=282 (full 0):
 garbage-first heap   total 402432K, used 161928K [0x0000000080000000, 0x0000000100000000)
  region size 1024K, 3 young (3072K), 3 survivors (3072K)
 Metaspace       used 173344K, committed 175552K, reserved 1245184K
  class space    used 22248K, committed 23296K, reserved 1048576K
}
Event: 764.172 GC heap before
{Heap before GC invocations=283 (full 0):
 garbage-first heap   total 402432K, used 382088K [0x0000000080000000, 0x0000000100000000)
  region size 1024K, 216 young (221184K), 3 survivors (3072K)
 Metaspace       used 173344K, committed 175552K, reserved 1245184K
  class space    used 22248K, committed 23296K, reserved 1048576K
}
Event: 764.178 GC heap after
{Heap after GC invocations=284 (full 0):
 garbage-first heap   total 402432K, used 163075K [0x0000000080000000, 0x0000000100000000)
  region size 1024K, 5 young (5120K), 5 survivors (5120K)
 Metaspace       used 173344K, committed 175552K, reserved 1245184K
  class space    used 22248K, committed 23296K, reserved 1048576K
}
Event: 764.886 GC heap before
{Heap before GC invocations=284 (full 0):
 garbage-first heap   total 402432K, used 379139K [0x0000000080000000, 0x0000000100000000)
  region size 1024K, 216 young (221184K), 5 survivors (5120K)
 Metaspace       used 173344K, committed 175552K, reserved 1245184K
  class space    used 22248K, committed 23296K, reserved 1048576K
}
Event: 764.891 GC heap after
{Heap after GC invocations=285 (full 0):
 garbage-first heap   total 402432K, used 160567K [0x0000000080000000, 0x0000000100000000)
  region size 1024K, 2 young (2048K), 2 survivors (2048K)
 Metaspace       used 173344K, committed 175552K, reserved 1245184K
  class space    used 22248K, committed 23296K, reserved 1048576K
}
Event: 765.803 GC heap before
{Heap before GC invocations=285 (full 0):
 garbage-first heap   total 402432K, used 280375K [0x0000000080000000, 0x0000000100000000)
  region size 1024K, 120 young (122880K), 2 survivors (2048K)
 Metaspace       used 173344K, committed 175552K, reserved 1245184K
  class space    used 22248K, committed 23296K, reserved 1048576K
}
Event: 765.807 GC heap after
{Heap after GC invocations=286 (full 0):
 garbage-first heap   total 402432K, used 158961K [0x0000000080000000, 0x0000000100000000)
  region size 1024K, 1 young (1024K), 1 survivors (1024K)
 Metaspace       used 173344K, committed 175552K, reserved 1245184K
  class space    used 22248K, committed 23296K, reserved 1048576K
}
Event: 767.464 GC heap before
{Heap before GC invocations=287 (full 0):
 garbage-first heap   total 402432K, used 380145K [0x0000000080000000, 0x0000000100000000)
  region size 1024K, 216 young (221184K), 1 survivors (1024K)
 Metaspace       used 173345K, committed 175552K, reserved 1245184K
  class space    used 22248K, committed 23296K, reserved 1048576K
}
Event: 767.472 GC heap after
{Heap after GC invocations=288 (full 0):
 garbage-first heap   total 402432K, used 159952K [0x0000000080000000, 0x0000000100000000)
  region size 1024K, 2 young (2048K), 2 survivors (2048K)
 Metaspace       used 173345K, committed 175552K, reserved 1245184K
  class space    used 22248K, committed 23296K, reserved 1048576K
}
Event: 768.341 GC heap before
{Heap before GC invocations=288 (full 0):
 garbage-first heap   total 402432K, used 379088K [0x0000000080000000, 0x0000000100000000)
  region size 1024K, 216 young (221184K), 2 survivors (2048K)
 Metaspace       used 173345K, committed 175552K, reserved 1245184K
  class space    used 22248K, committed 23296K, reserved 1048576K
}
Event: 768.344 GC heap after
{Heap after GC invocations=289 (full 0):
 garbage-first heap   total 402432K, used 159045K [0x0000000080000000, 0x0000000100000000)
  region size 1024K, 1 young (1024K), 1 survivors (1024K)
 Metaspace       used 173345K, committed 175552K, reserved 1245184K
  class space    used 22248K, committed 23296K, reserved 1048576K
}
Event: 770.623 GC heap before
{Heap before GC invocations=289 (full 0):
 garbage-first heap   total 402432K, used 363845K [0x0000000080000000, 0x0000000100000000)
  region size 1024K, 202 young (206848K), 1 survivors (1024K)
 Metaspace       used 173377K, committed 175552K, reserved 1245184K
  class space    used 22249K, committed 23296K, reserved 1048576K
}
Event: 770.696 GC heap after
{Heap after GC invocations=290 (full 0):
 garbage-first heap   total 402432K, used 192741K [0x0000000080000000, 0x0000000100000000)
  region size 1024K, 28 young (28672K), 28 survivors (28672K)
 Metaspace       used 173377K, committed 175552K, reserved 1245184K
  class space    used 22249K, committed 23296K, reserved 1048576K
}

Dll operation events (3 events):
Event: 1.075 Loaded shared library C:\Program Files\Android\Android Studio\jbr\bin\java.dll
Event: 1.091 Loaded shared library C:\Program Files\Android\Android Studio\jbr\bin\zip.dll
Event: 65.501 Loaded shared library C:\Program Files\Android\Android Studio\jbr\bin\verify.dll

Deoptimization events (20 events):
Event: 778.362 Thread 0x00000251f01f5bc0 Uncommon trap: trap_request=0xffffffc6 fr.pc=0x00000251de487450 relative=0x0000000000000b50
Event: 778.362 Thread 0x00000251f01f5bc0 Uncommon trap: reason=bimorphic_or_optimized_type_check action=maybe_recompile pc=0x00000251de487450 method=com.google.common.cache.LocalCache$Segment.setValue(Lcom/google/common/cache/ReferenceEntry;Ljava/lang/Object;Ljava/lang/Object;J)V @ 1 c2
Event: 778.362 Thread 0x00000251f01f5bc0 DEOPT PACKING pc=0x00000251de487450 sp=0x000000d9fdff5af0
Event: 778.362 Thread 0x00000251f01f5bc0 DEOPT UNPACKING pc=0x00000251dd6c43a2 sp=0x000000d9fdff5a98 mode 2
Event: 779.280 Thread 0x00000251f01f5bc0 Uncommon trap: trap_request=0xffffffc6 fr.pc=0x00000251de2733bc relative=0x0000000000000d7c
Event: 779.280 Thread 0x00000251f01f5bc0 Uncommon trap: reason=bimorphic_or_optimized_type_check action=maybe_recompile pc=0x00000251de2733bc method=java.util.Properties$LineReader.readLine()I @ 479 c2
Event: 779.280 Thread 0x00000251f01f5bc0 DEOPT PACKING pc=0x00000251de2733bc sp=0x000000d9fdff5440
Event: 779.280 Thread 0x00000251f01f5bc0 DEOPT UNPACKING pc=0x00000251dd6c43a2 sp=0x000000d9fdff53d8 mode 2
Event: 779.283 Thread 0x00000251f01f5bc0 Uncommon trap: trap_request=0xffffffc6 fr.pc=0x00000251de3d4854 relative=0x0000000000000274
Event: 779.283 Thread 0x00000251f01f5bc0 Uncommon trap: reason=bimorphic_or_optimized_type_check action=maybe_recompile pc=0x00000251de3d4854 method=com.google.common.cache.LocalCache$Segment.getEntry(Ljava/lang/Object;I)Lcom/google/common/cache/ReferenceEntry; @ 11 c2
Event: 779.283 Thread 0x00000251f01f5bc0 DEOPT PACKING pc=0x00000251de3d4854 sp=0x000000d9fdff5940
Event: 779.283 Thread 0x00000251f01f5bc0 DEOPT UNPACKING pc=0x00000251dd6c43a2 sp=0x000000d9fdff58d8 mode 2
Event: 785.765 Thread 0x00000251f01f5bc0 Uncommon trap: trap_request=0xffffff45 fr.pc=0x00000251de66fc24 relative=0x0000000000005d44
Event: 785.765 Thread 0x00000251f01f5bc0 Uncommon trap: reason=unstable_if action=reinterpret pc=0x00000251de66fc24 method=sun.reflect.annotation.AnnotationParser.parseAnnotations2([BLjdk/internal/reflect/ConstantPool;Ljava/lang/Class;[Ljava/lang/Class;)Ljava/util/Map; @ 71 c2
Event: 785.765 Thread 0x00000251f01f5bc0 DEOPT PACKING pc=0x00000251de66fc24 sp=0x000000d9fdff54b0
Event: 785.765 Thread 0x00000251f01f5bc0 DEOPT UNPACKING pc=0x00000251dd6c43a2 sp=0x000000d9fdff5480 mode 2
Event: 788.028 Thread 0x00000251f01f5bc0 Uncommon trap: trap_request=0xffffff45 fr.pc=0x00000251dde29454 relative=0x0000000000000134
Event: 788.028 Thread 0x00000251f01f5bc0 Uncommon trap: reason=unstable_if action=reinterpret pc=0x00000251dde29454 method=jdk.internal.org.objectweb.asm.ByteVector.putInt(I)Ljdk/internal/org/objectweb/asm/ByteVector; @ 13 c2
Event: 788.028 Thread 0x00000251f01f5bc0 DEOPT PACKING pc=0x00000251dde29454 sp=0x000000d9fdff44e0
Event: 788.028 Thread 0x00000251f01f5bc0 DEOPT UNPACKING pc=0x00000251dd6c43a2 sp=0x000000d9fdff4478 mode 2

Classes loaded (20 events):
Event: 468.305 Loading class java/util/IdentityHashMap$EntryIterator$Entry
Event: 468.305 Loading class java/util/IdentityHashMap$EntryIterator$Entry done
Event: 468.454 Loading class java/lang/invoke/SerializedLambda$1
Event: 468.457 Loading class java/lang/invoke/SerializedLambda$1 done
Event: 468.584 Loading class org/xml/sax/Locator
Event: 468.584 Loading class org/xml/sax/Locator done
Event: 468.618 Loading class org/xml/sax/Attributes
Event: 468.618 Loading class org/xml/sax/Attributes done
Event: 468.736 Loading class java/util/function/LongUnaryOperator
Event: 468.737 Loading class java/util/function/LongUnaryOperator done
Event: 468.757 Loading class java/util/TreeMap$KeySpliterator
Event: 468.757 Loading class java/util/TreeMap$KeySpliterator done
Event: 480.315 Loading class java/util/concurrent/locks/ReentrantReadWriteLock$Sync$HoldCounter
Event: 480.315 Loading class java/util/concurrent/locks/ReentrantReadWriteLock$Sync$HoldCounter done
Event: 508.297 Loading class com/sun/org/apache/xerces/internal/util/EncodingMap
Event: 508.298 Loading class com/sun/org/apache/xerces/internal/util/EncodingMap done
Event: 508.300 Loading class sun/nio/cs/ISO_8859_1$Decoder
Event: 508.300 Loading class sun/nio/cs/ISO_8859_1$Decoder done
Event: 790.272 Loading class java/util/Currency
Event: 790.274 Loading class java/util/Currency done

Classes unloaded (20 events):
Event: 154.273 Thread 0x00000251e9dc5f90 Unloading class 0x0000000100854000 '_BuildScript_$_run_closure1'
Event: 154.273 Thread 0x00000251e9dc5f90 Unloading class 0x000000010084c000 '_BuildScript_'
Event: 156.773 Thread 0x00000251e9dc5f90 Unloading class 0x00000001008c4420 '_BuildScript_$_run_closure1$_closure2'
Event: 156.773 Thread 0x00000251e9dc5f90 Unloading class 0x00000001008c4000 '_BuildScript_$_run_closure1'
Event: 156.773 Thread 0x00000251e9dc5f90 Unloading class 0x00000001008bd800 '_BuildScript_'
Event: 175.086 Thread 0x00000251e9dc5f90 Unloading class 0x0000000100a10948 '_BuildScript_$_run_closure2'
Event: 175.086 Thread 0x00000251e9dc5f90 Unloading class 0x0000000100a10528 '_BuildScript_$_run_closure1'
Event: 175.086 Thread 0x00000251e9dc5f90 Unloading class 0x0000000100a10000 '_BuildScript_'
Event: 176.936 Thread 0x00000251e9dc5f90 Unloading class 0x0000000100a18420 '_BuildScript_$_run_closure1$_closure2'
Event: 176.936 Thread 0x00000251e9dc5f90 Unloading class 0x0000000100a18000 '_BuildScript_$_run_closure1'
Event: 176.936 Thread 0x00000251e9dc5f90 Unloading class 0x0000000100a13800 '_BuildScript_'
Event: 195.634 Thread 0x00000251e9dc5f90 Unloading class 0x0000000100a20840 '_BuildScript_$_run_closure1$_closure3'
Event: 195.634 Thread 0x00000251e9dc5f90 Unloading class 0x0000000100a20420 '_BuildScript_$_run_closure1$_closure2'
Event: 195.634 Thread 0x00000251e9dc5f90 Unloading class 0x0000000100a20000 '_BuildScript_$_run_closure1'
Event: 195.634 Thread 0x00000251e9dc5f90 Unloading class 0x0000000100a1b840 '_BuildScript_'
Event: 195.634 Thread 0x00000251e9dc5f90 Unloading class 0x0000000100a1b420 'JetGradlePlugin$_apply_closure1$_closure2$_closure3'
Event: 195.634 Thread 0x00000251e9dc5f90 Unloading class 0x0000000100a1b000 'JetGradlePlugin$_apply_closure1$_closure2'
Event: 195.634 Thread 0x00000251e9dc5f90 Unloading class 0x0000000100a1a800 'JetGradlePlugin$_apply_closure1'
Event: 195.634 Thread 0x00000251e9dc5f90 Unloading class 0x0000000100a13b00 'JetGradlePlugin'
Event: 195.634 Thread 0x00000251e9dc5f90 Unloading class 0x0000000100a13800 'RegistryProcessor'

Classes redefined (0 events):
No events

Internal exceptions (20 events):
Event: 790.506 Thread 0x00000251f01f5bc0 Exception <a 'sun/nio/fs/WindowsException'{0x00000000902d68b0}> (0x00000000902d68b0) 
thrown [s\src\hotspot\share\prims\jni.cpp, line 537]
Event: 790.511 Thread 0x00000251f01f5bc0 Exception <a 'sun/nio/fs/WindowsException'{0x00000000902e96c8}> (0x00000000902e96c8) 
thrown [s\src\hotspot\share\prims\jni.cpp, line 537]
Event: 790.534 Thread 0x00000251f01f5bc0 Exception <a 'sun/nio/fs/WindowsException'{0x00000000902fbf10}> (0x00000000902fbf10) 
thrown [s\src\hotspot\share\prims\jni.cpp, line 537]
Event: 790.536 Thread 0x00000251f01f5bc0 Exception <a 'sun/nio/fs/WindowsException'{0x0000000090118220}> (0x0000000090118220) 
thrown [s\src\hotspot\share\prims\jni.cpp, line 537]
Event: 790.557 Thread 0x00000251f01f5bc0 Exception <a 'sun/nio/fs/WindowsException'{0x0000000090131880}> (0x0000000090131880) 
thrown [s\src\hotspot\share\prims\jni.cpp, line 537]
Event: 790.559 Thread 0x00000251f01f5bc0 Exception <a 'sun/nio/fs/WindowsException'{0x00000000901496c0}> (0x00000000901496c0) 
thrown [s\src\hotspot\share\prims\jni.cpp, line 537]
Event: 790.560 Thread 0x00000251f01f5bc0 Exception <a 'sun/nio/fs/WindowsException'{0x0000000090158218}> (0x0000000090158218) 
thrown [s\src\hotspot\share\prims\jni.cpp, line 537]
Event: 790.562 Thread 0x00000251f01f5bc0 Exception <a 'sun/nio/fs/WindowsException'{0x0000000090167d60}> (0x0000000090167d60) 
thrown [s\src\hotspot\share\prims\jni.cpp, line 537]
Event: 790.564 Thread 0x00000251f01f5bc0 Exception <a 'sun/nio/fs/WindowsException'{0x000000009018f3f0}> (0x000000009018f3f0) 
thrown [s\src\hotspot\share\prims\jni.cpp, line 537]
Event: 790.565 Thread 0x00000251f01f5bc0 Exception <a 'sun/nio/fs/WindowsException'{0x000000009019f1d8}> (0x000000009019f1d8) 
thrown [s\src\hotspot\share\prims\jni.cpp, line 537]
Event: 790.568 Thread 0x00000251f01f5bc0 Exception <a 'sun/nio/fs/WindowsException'{0x00000000901b8bf8}> (0x00000000901b8bf8) 
thrown [s\src\hotspot\share\prims\jni.cpp, line 537]
Event: 790.573 Thread 0x00000251f01f5bc0 Exception <a 'sun/nio/fs/WindowsException'{0x00000000901cd9d0}> (0x00000000901cd9d0) 
thrown [s\src\hotspot\share\prims\jni.cpp, line 537]
Event: 790.581 Thread 0x00000251f01f5bc0 Exception <a 'sun/nio/fs/WindowsException'{0x00000000901dee18}> (0x00000000901dee18) 
thrown [s\src\hotspot\share\prims\jni.cpp, line 537]
Event: 790.582 Thread 0x00000251f01f5bc0 Exception <a 'sun/nio/fs/WindowsException'{0x00000000901ee108}> (0x00000000901ee108) 
thrown [s\src\hotspot\share\prims\jni.cpp, line 537]
Event: 790.590 Thread 0x00000251f01f5bc0 Exception <a 'sun/nio/fs/WindowsException'{0x0000000090002c78}> (0x0000000090002c78) 
thrown [s\src\hotspot\share\prims\jni.cpp, line 537]
Event: 790.613 Thread 0x00000251f01f5bc0 Exception <a 'sun/nio/fs/WindowsException'{0x0000000090033a88}> (0x0000000090033a88) 
thrown [s\src\hotspot\share\prims\jni.cpp, line 537]
Event: 790.616 Thread 0x00000251f01f5bc0 Exception <a 'sun/nio/fs/WindowsException'{0x0000000090045c10}> (0x0000000090045c10) 
thrown [s\src\hotspot\share\prims\jni.cpp, line 537]
Event: 790.619 Thread 0x00000251f01f5bc0 Exception <a 'sun/nio/fs/WindowsException'{0x0000000090057ca8}> (0x0000000090057ca8) 
thrown [s\src\hotspot\share\prims\jni.cpp, line 537]
Event: 790.659 Thread 0x00000251f01f5bc0 Exception <a 'sun/nio/fs/WindowsException'{0x0000000090067428}> (0x0000000090067428) 
thrown [s\src\hotspot\share\prims\jni.cpp, line 537]
Event: 790.687 Thread 0x00000251f01f5bc0 Exception <a 'sun/nio/fs/WindowsException'{0x0000000090079508}> (0x0000000090079508) 
thrown [s\src\hotspot\share\prims\jni.cpp, line 537]

ZGC Phase Switch (0 events):
No events

VM Operations (20 events):
Event: 775.628 Executing VM operation: Cleanup
Event: 775.628 Executing VM operation: Cleanup done
Event: 776.632 Executing VM operation: Cleanup
Event: 776.632 Executing VM operation: Cleanup done
Event: 777.633 Executing VM operation: Cleanup
Event: 777.634 Executing VM operation: Cleanup done
Event: 778.642 Executing VM operation: Cleanup
Event: 778.642 Executing VM operation: Cleanup done
Event: 779.648 Executing VM operation: Cleanup
Event: 779.648 Executing VM operation: Cleanup done
Event: 783.685 Executing VM operation: Cleanup
Event: 783.685 Executing VM operation: Cleanup done
Event: 785.700 Executing VM operation: Cleanup
Event: 785.700 Executing VM operation: Cleanup done
Event: 786.704 Executing VM operation: Cleanup
Event: 786.704 Executing VM operation: Cleanup done
Event: 787.705 Executing VM operation: Cleanup
Event: 787.705 Executing VM operation: Cleanup done
Event: 788.712 Executing VM operation: Cleanup
Event: 788.712 Executing VM operation: Cleanup done

Memory protections (0 events):
No events

Nmethod flushes (20 events):
Event: 766.420 Thread 0x00000251e9dc5f90 flushing  nmethod 0x00000251de37fe10
Event: 766.420 Thread 0x00000251e9dc5f90 flushing  nmethod 0x00000251de426d90
Event: 766.420 Thread 0x00000251e9dc5f90 flushing  nmethod 0x00000251d62ca910
Event: 766.420 Thread 0x00000251e9dc5f90 flushing  nmethod 0x00000251d6878110
Event: 766.420 Thread 0x00000251e9dc5f90 flushing osr nmethod 0x00000251d62a4c10
Event: 766.420 Thread 0x00000251e9dc5f90 flushing  nmethod 0x00000251d642ae10
Event: 766.420 Thread 0x00000251e9dc5f90 flushing  nmethod 0x00000251d669fb90
Event: 766.420 Thread 0x00000251e9dc5f90 flushing osr nmethod 0x00000251d6a19090
Event: 766.420 Thread 0x00000251e9dc5f90 flushing  nmethod 0x00000251d6a94a10
Event: 766.420 Thread 0x00000251e9dc5f90 flushing  nmethod 0x00000251d70e4590
Event: 771.236 Thread 0x00000251e9dc5f90 flushing  nmethod 0x00000251d73d1710
Event: 771.237 Thread 0x00000251e9dc5f90 flushing  nmethod 0x00000251d61ae890
Event: 771.237 Thread 0x00000251e9dc5f90 flushing  nmethod 0x00000251d666d290
Event: 771.237 Thread 0x00000251e9dc5f90 flushing  nmethod 0x00000251d6c6cc90
Event: 771.237 Thread 0x00000251e9dc5f90 flushing  nmethod 0x00000251d65e3690
Event: 771.237 Thread 0x00000251e9dc5f90 flushing  nmethod 0x00000251d6768510
Event: 771.237 Thread 0x00000251e9dc5f90 flushing  nmethod 0x00000251d7225990
Event: 771.237 Thread 0x00000251e9dc5f90 flushing  nmethod 0x00000251d81b8f10
Event: 771.237 Thread 0x00000251e9dc5f90 flushing  nmethod 0x00000251d8292f10
Event: 771.237 Thread 0x00000251e9dc5f90 flushing  nmethod 0x00000251d8293790

Events (20 events):
Event: 606.539 Thread 0x00000251ee0544c0 Thread added: 0x00000251f5ca5480
Event: 607.042 Thread 0x00000251f5ca5480 Thread exited: 0x00000251f5ca5480
Event: 681.315 Thread 0x00000251ee0544c0 Thread added: 0x00000251f5ca2ba0
Event: 682.041 Thread 0x00000251f5ca2ba0 Thread exited: 0x00000251f5ca2ba0
Event: 749.818 Thread 0x00000251ee0544c0 Thread added: 0x00000251f5ca1060
Event: 754.300 Thread 0x00000251f5ca1060 Thread exited: 0x00000251f5ca1060
Event: 754.421 Thread 0x00000251ee0544c0 Thread added: 0x00000251f5ca5480
Event: 757.791 Thread 0x00000251f5ca5480 Thread exited: 0x00000251f5ca5480
Event: 760.421 Thread 0x00000251ee0544c0 Thread added: 0x00000251f5ca2ba0
Event: 761.020 Thread 0x00000251f5ca2ba0 Thread exited: 0x00000251f5ca2ba0
Event: 769.582 Thread 0x00000251ee0544c0 Thread added: 0x00000251f5ca2ba0
Event: 770.230 Thread 0x00000251f5ca2ba0 Thread exited: 0x00000251f5ca2ba0
Event: 774.376 Thread 0x00000251ee0544c0 Thread added: 0x00000251f5ca2ba0
Event: 774.641 Thread 0x00000251f5ca2ba0 Thread exited: 0x00000251f5ca2ba0
Event: 774.676 Thread 0x00000251ee0582a0 Thread added: 0x00000251f5ca2ba0
Event: 775.229 Thread 0x00000251f5ca2ba0 Thread exited: 0x00000251f5ca2ba0
Event: 775.659 Thread 0x00000251ee0544c0 Thread added: 0x00000251f5ca7690
Event: 776.290 Thread 0x00000251f5ca7690 Thread exited: 0x00000251f5ca7690
Event: 776.446 Thread 0x00000251ee0582a0 Thread added: 0x00000251f5ca3270
Event: 776.741 Thread 0x00000251f5ca3270 Thread exited: 0x00000251f5ca3270


Dynamic libraries:
0x00007ff7ca750000 - 0x00007ff7ca75a000 	C:\Program Files\Android\Android Studio\jbr\bin\java.exe
0x00007ffc591d0000 - 0x00007ffc593c8000 	C:\WINDOWS\SYSTEM32\ntdll.dll
0x00007ffc31070000 - 0x00007ffc31091000 	C:\Program Files\Avast Software\Avast\aswhook.dll
0x00007ffc58c50000 - 0x00007ffc58d0d000 	C:\WINDOWS\System32\KERNEL32.DLL
0x00007ffc56f30000 - 0x00007ffc57226000 	C:\WINDOWS\System32\KERNELBASE.dll
0x00007ffc56970000 - 0x00007ffc56a70000 	C:\WINDOWS\System32\ucrtbase.dll
0x00007ffc4a3b0000 - 0x00007ffc4a3c8000 	C:\Program Files\Android\Android Studio\jbr\bin\jli.dll
0x00007ffc25820000 - 0x00007ffc2583b000 	C:\Program Files\Android\Android Studio\jbr\bin\VCRUNTIME140.dll
0x00007ffc58e70000 - 0x00007ffc5900e000 	C:\WINDOWS\System32\USER32.dll
0x00007ffc56ed0000 - 0x00007ffc56ef2000 	C:\WINDOWS\System32\win32u.dll
0x00007ffc55b30000 - 0x00007ffc55dca000 	C:\WINDOWS\WinSxS\amd64_microsoft.windows.common-controls_6595b64144ccf1df_6.0.19041.3636_none_60b6a03d71f818d5\COMCTL32.dll
0x00007ffc57e30000 - 0x00007ffc57e5c000 	C:\WINDOWS\System32\GDI32.dll
0x00007ffc56bb0000 - 0x00007ffc56cca000 	C:\WINDOWS\System32\gdi32full.dll
0x00007ffc56cd0000 - 0x00007ffc56d6d000 	C:\WINDOWS\System32\msvcp_win.dll
0x00007ffc58620000 - 0x00007ffc586be000 	C:\WINDOWS\System32\msvcrt.dll
0x00007ffc57470000 - 0x00007ffc574a0000 	C:\WINDOWS\System32\IMM32.DLL
0x00007ffc3ecc0000 - 0x00007ffc3eccc000 	C:\Program Files\Android\Android Studio\jbr\bin\vcruntime140_1.dll
0x00007ffc387e0000 - 0x00007ffc3886d000 	C:\Program Files\Android\Android Studio\jbr\bin\msvcp140.dll
0x00007ffbe4e60000 - 0x00007ffbe5af6000 	C:\Program Files\Android\Android Studio\jbr\bin\server\jvm.dll
0x00007ffc574b0000 - 0x00007ffc5755f000 	C:\WINDOWS\System32\ADVAPI32.dll
0x00007ffc57640000 - 0x00007ffc576dc000 	C:\WINDOWS\System32\sechost.dll
0x00007ffc584f0000 - 0x00007ffc58616000 	C:\WINDOWS\System32\RPCRT4.dll
0x00007ffc59120000 - 0x00007ffc5918b000 	C:\WINDOWS\System32\WS2_32.dll
0x00007ffc565d0000 - 0x00007ffc5661b000 	C:\WINDOWS\SYSTEM32\POWRPROF.dll
0x00007ffc38fc0000 - 0x00007ffc38fe7000 	C:\WINDOWS\SYSTEM32\WINMM.dll
0x00007ffc50800000 - 0x00007ffc5080a000 	C:\WINDOWS\SYSTEM32\VERSION.dll
0x00007ffc55e40000 - 0x00007ffc55e52000 	C:\WINDOWS\SYSTEM32\UMPDC.dll
0x00007ffc53930000 - 0x00007ffc53942000 	C:\WINDOWS\SYSTEM32\kernel.appcore.dll
0x00007ffc3e960000 - 0x00007ffc3e96a000 	C:\Program Files\Android\Android Studio\jbr\bin\jimage.dll
0x00007ffc56280000 - 0x00007ffc56464000 	C:\WINDOWS\SYSTEM32\DBGHELP.DLL
0x00007ffc56200000 - 0x00007ffc56234000 	C:\WINDOWS\SYSTEM32\dbgcore.DLL
0x00007ffc56b20000 - 0x00007ffc56ba2000 	C:\WINDOWS\System32\bcryptPrimitives.dll
0x00007ffc4a3a0000 - 0x00007ffc4a3ae000 	C:\Program Files\Android\Android Studio\jbr\bin\instrument.dll
0x00007ffc25800000 - 0x00007ffc25820000 	C:\Program Files\Android\Android Studio\jbr\bin\java.dll
0x00007ffc257e0000 - 0x00007ffc257f8000 	C:\Program Files\Android\Android Studio\jbr\bin\zip.dll
0x00007ffc576e0000 - 0x00007ffc57e25000 	C:\WINDOWS\System32\SHELL32.dll
0x00007ffc53b30000 - 0x00007ffc542cb000 	C:\WINDOWS\SYSTEM32\windows.storage.dll
0x00007ffc57ec0000 - 0x00007ffc58214000 	C:\WINDOWS\System32\combase.dll
0x00007ffc55dd0000 - 0x00007ffc55dfd000 	C:\WINDOWS\SYSTEM32\Wldp.dll
0x00007ffc573c0000 - 0x00007ffc5746d000 	C:\WINDOWS\System32\SHCORE.dll
0x00007ffc57360000 - 0x00007ffc573b5000 	C:\WINDOWS\System32\shlwapi.dll
0x00007ffc567e0000 - 0x00007ffc56805000 	C:\WINDOWS\SYSTEM32\profapi.dll
0x00007ffc3e920000 - 0x00007ffc3e930000 	C:\Program Files\Android\Android Studio\jbr\bin\net.dll
0x00007ffc4ddf0000 - 0x00007ffc4defa000 	C:\WINDOWS\SYSTEM32\WINHTTP.dll
0x00007ffc557d0000 - 0x00007ffc5583a000 	C:\WINDOWS\system32\mswsock.dll
0x00007ffc249b0000 - 0x00007ffc249c6000 	C:\Program Files\Android\Android Studio\jbr\bin\nio.dll
0x00007ffc4a3e0000 - 0x00007ffc4a3f0000 	C:\Program Files\Android\Android Studio\jbr\bin\verify.dll
0x00007ffc38870000 - 0x00007ffc38897000 	C:\Users\DELL\.gradle\native\660c5614fbf4a5f2a75b1949f50a0caf5cd603558e7d8a26e50b933a0cfb79d1\windows-amd64\native-platform.dll
0x00007ffc32500000 - 0x00007ffc32577000 	C:\Users\DELL\.gradle\native\0.2.8\x86_64-windows-gnu\gradle-fileevents.dll
0x00007ffc32830000 - 0x00007ffc32839000 	C:\Program Files\Android\Android Studio\jbr\bin\management.dll
0x00007ffc32810000 - 0x00007ffc3281b000 	C:\Program Files\Android\Android Studio\jbr\bin\management_ext.dll
0x00007ffc57630000 - 0x00007ffc57638000 	C:\WINDOWS\System32\PSAPI.DLL
0x00007ffc55840000 - 0x00007ffc5587b000 	C:\WINDOWS\SYSTEM32\IPHLPAPI.DLL
0x00007ffc58480000 - 0x00007ffc58488000 	C:\WINDOWS\System32\NSI.dll
0x00007ffc33100000 - 0x00007ffc33109000 	C:\Program Files\Android\Android Studio\jbr\bin\extnet.dll
0x00007ffc56620000 - 0x00007ffc56638000 	C:\WINDOWS\SYSTEM32\CRYPTSP.dll
0x00007ffc552a0000 - 0x00007ffc552d4000 	C:\WINDOWS\system32\rsaenh.dll
0x00007ffc56f00000 - 0x00007ffc56f27000 	C:\WINDOWS\System32\bcrypt.dll
0x00007ffc56760000 - 0x00007ffc5678e000 	C:\WINDOWS\SYSTEM32\USERENV.dll
0x00007ffc55aa0000 - 0x00007ffc55aac000 	C:\WINDOWS\SYSTEM32\CRYPTBASE.dll
0x00007ffc3d910000 - 0x00007ffc3d917000 	C:\WINDOWS\system32\wshunix.dll
0x00007ffc56240000 - 0x00007ffc56273000 	C:\WINDOWS\SYSTEM32\ntmarta.dll
0x00007ffc55620000 - 0x00007ffc556ea000 	C:\WINDOWS\SYSTEM32\DNSAPI.dll
0x00007ffc48290000 - 0x00007ffc4829a000 	C:\Windows\System32\rasadhlp.dll
0x00007ffc4aa00000 - 0x00007ffc4aa80000 	C:\WINDOWS\System32\fwpuclnt.dll

JVMTI agents:
C:\Users\DELL\.gradle\wrapper\dists\gradle-9.3.1-bin\23ovyewtku6u96viwx3xl3oks\gradle-9.3.1\lib\agents\gradle-instrumentation-agent-9.3.1.jar path:C:\Program Files\Android\Android Studio\jbr\bin\instrument.dll, loaded, initialized, instrumentlib options:none

dbghelp: loaded successfully - version: 4.0.5 - missing functions: none
symbol engine: initialized successfully - sym options: 0x614 - pdb path: .;C:\Program Files\Android\Android Studio\jbr\bin;C:\WINDOWS\SYSTEM32;C:\Program Files\Avast Software\Avast;C:\WINDOWS\WinSxS\amd64_microsoft.windows.common-controls_6595b64144ccf1df_6.0.19041.3636_none_60b6a03d71f818d5;C:\Program Files\Android\Android Studio\jbr\bin\server;C:\Users\DELL\.gradle\native\660c5614fbf4a5f2a75b1949f50a0caf5cd603558e7d8a26e50b933a0cfb79d1\windows-amd64;C:\Users\DELL\.gradle\native\0.2.8\x86_64-windows-gnu

VM Arguments:
jvm_args: --add-opens=java.base/java.lang=ALL-UNNAMED --add-opens=java.base/java.lang.invoke=ALL-UNNAMED --add-opens=java.base/java.util=ALL-UNNAMED --add-opens=java.prefs/java.util.prefs=ALL-UNNAMED --add-exports=jdk.compiler/com.sun.tools.javac.api=ALL-UNNAMED --add-exports=jdk.compiler/com.sun.tools.javac.util=ALL-UNNAMED --add-opens=java.base/java.util=ALL-UNNAMED --add-opens=java.prefs/java.util.prefs=ALL-UNNAMED --add-opens=java.base/java.nio.charset=ALL-UNNAMED --add-opens=java.base/java.net=ALL-UNNAMED --add-opens=java.base/java.util.concurrent=ALL-UNNAMED --add-opens=java.base/java.util.concurrent.atomic=ALL-UNNAMED --add-opens=java.xml/javax.xml.namespace=ALL-UNNAMED --add-opens=java.base/java.time=ALL-UNNAMED -Xmx2048m -Dfile.encoding=UTF-8 -Duser.country=FR -Duser.language=fr -Duser.variant -javaagent:C:\Users\DELL\.gradle\wrapper\dists\gradle-9.3.1-bin\23ovyewtku6u96viwx3xl3oks\gradle-9.3.1\lib\agents\gradle-instrumentation-agent-9.3.1.jar 
java_command: org.gradle.launcher.daemon.bootstrap.GradleDaemon 9.3.1
java_class_path (initial): C:\Users\DELL\.gradle\wrapper\dists\gradle-9.3.1-bin\23ovyewtku6u96viwx3xl3oks\gradle-9.3.1\lib\gradle-daemon-main-9.3.1.jar
Launcher Type: SUN_STANDARD

[Global flags]
     intx CICompilerCount                          = 3                                         {product} {ergonomic}
     uint ConcGCThreads                            = 1                                         {product} {ergonomic}
     uint G1ConcRefinementThreads                  = 4                                         {product} {ergonomic}
   size_t G1HeapRegionSize                         = 1048576                                   {product} {ergonomic}
    uintx GCDrainStackTargetSize                   = 64                                        {product} {ergonomic}
   size_t InitialHeapSize                          = 100663296                                 {product} {ergonomic}
   size_t MarkStackSize                            = 4194304                                   {product} {ergonomic}
   size_t MaxHeapSize                              = 2147483648                                {product} {command line}
   size_t MaxNewSize                               = 1287651328                                {product} {ergonomic}
   size_t MinHeapDeltaBytes                        = 1048576                                   {product} {ergonomic}
   size_t MinHeapSize                              = 8388608                                   {product} {ergonomic}
    uintx NonNMethodCodeHeapSize                   = 5832780                                {pd product} {ergonomic}
    uintx NonProfiledCodeHeapSize                  = 122912730                              {pd product} {ergonomic}
    uintx ProfiledCodeHeapSize                     = 122912730                              {pd product} {ergonomic}
    uintx ReservedCodeCacheSize                    = 251658240                              {pd product} {ergonomic}
     bool SegmentedCodeCache                       = true                                      {product} {ergonomic}
   size_t SoftMaxHeapSize                          = 2147483648                             {manageable} {ergonomic}
     bool UseCompressedOops                        = true                           {product lp64_product} {ergonomic}
     bool UseG1GC                                  = true                                      {product} {ergonomic}
     bool UseLargePagesIndividualAllocation        = false                                  {pd product} {ergonomic}

Logging:
Log output configuration:
 #0: stdout all=warning uptime,level,tags foldmultilines=false
 #1: stderr all=off uptime,level,tags foldmultilines=false

Release file:
JAVA_VERSION="21.0.9" 
MODULES="java.base java.compiler java.datatransfer java.xml java.prefs java.desktop java.instrument java.logging java.management java.security.sasl java.naming java.rmi java.management.rmi java.net.http java.scripting java.security.jgss java.transaction.xa java.sql java.sql.rowset java.xml.crypto java.se java.smartcardio jdk.accessibility jdk.internal.jvmstat jdk.attach jdk.charsets jdk.internal.opt jdk.zipfs jdk.compiler jdk.crypto.ec jdk.crypto.cryptoki jdk.dynalink jdk.hotspot.agent jdk.httpserver jdk.internal.ed jdk.internal.le jdk.internal.vm.ci jdk.jartool jdk.javadoc jdk.jcmd jdk.jdeps jdk.jdwp.agent jdk.jdi jdk.jfr jdk.jlink jdk.jsobject jdk.localedata jdk.management jdk.management.agent jdk.management.jfr jdk.naming.dns jdk.naming.rmi jdk.net jdk.sctp jdk.security.auth jdk.security.jgss jdk.unsupported jdk.unsupported.desktop jdk.xml.dom" 
IMPLEMENTOR="JetBrains s.r.o." 
JAVA_RUNTIME_VERSION="21.0.9+-14787801-b1163.94" 
LIBC="default" 
OS_ARCH="x86_64" 
OS_NAME="Windows" 
SOURCE=".:git:0c757ddc9f2f" 

Environment Variables:
PATH=C:\Program Files\Microsoft MPI\Bin\;C:\WINDOWS\system32;C:\WINDOWS;C:\WINDOWS\System32\Wbem;C:\WINDOWS\System32\WindowsPowerShell\v1.0\;C:\WINDOWS\System32\OpenSSH\;C:\Program Files\Git\cmd;C:\Program Files\Docker\Docker\resources\bin;C:\Program Files (x86)\Microsoft SQL Server\160\Tools\Binn\;C:\Program Files\Microsoft SQL Server\160\Tools\Binn\;C:\Program Files\Microsoft SQL Server\Client SDK\ODBC\170\Tools\Binn\;C:\Program Files\Microsoft SQL Server\160\DTS\Binn\;C:\Program Files (x86)\Microsoft SQL Server\160\DTS\Binn\;C:\Users\DELL\.jdks\openjdk-25.0.1\bin;C:\jdk\bin;C:\Users\DELL\Desktop\BIRO\jdk\bin;C:\Users\DELL\AppData\Local\Android\Sdk\platform-tools;C:\msys64\mingw64\bin;C:\Users\DELL\AppData\Roaming\Microsoft\Windows\Start Menu\Programs\Python 3.13;C:\Program Files\CMake\bin;C:\Users\DELL\AppData\Local\Programs\Python\Python314\Scripts\;C:\Users\DELL\AppData\Local\Programs\Python\Python314\;C:\Users\DELL\AppData\Local\Programs\Python\Launcher\;C:\Users\DELL\AppData\Local\Programs\Microsoft VS Code\bin
USERNAME=DELL
OS=Windows_NT
PROCESSOR_IDENTIFIER=Intel64 Family 6 Model 58 Stepping 9, GenuineIntel
TMP=C:\Users\DELL\AppData\Local\Temp
TEMP=C:\Users\DELL\AppData\Local\Temp




Periodic native trim disabled

JNI global refs:
JNI global refs: 27, weak refs: 0

JNI global refs memory usage: 835, weak refs: 201

Process memory usage:
Resident Set Size: 772428K (12% of 6161776K total physical memory with 731408K free physical memory)

OOME stack traces (most recent first):
Classloader memory used:
Loader org.gradle.internal.classloader.VisitableURLClassLoader                         : 115M
Loader bootstrap                                                                       : 32217K
Loader org.gradle.initialization.MixInLegacyTypesClassLoader                           : 11968K
Loader jdk.internal.loader.ClassLoaders$AppClassLoader                                 : 7976K
Loader org.gradle.internal.classloader.VisitableURLClassLoader$InstrumentingVisitableURLClassLoader: 3617K
Loader org.gradle.internal.classloader.VisitableURLClassLoader                         : 1089K
Loader jdk.internal.loader.ClassLoaders$PlatformClassLoader                            : 951K
Loader jdk.internal.jrtfs.JrtFileSystemProvider$JrtFsLoader                            : 342K
Loader jdk.internal.reflect.DelegatingClassLoader                                      : 321K
Loader org.gradle.groovy.scripts.internal.DefaultScriptCompilationHandler$ScriptClassLoader: 91640B

Classes loaded by more than one classloader:
Class Program                                                                         : loaded 4 times (x 74B)
Class com.google.common.collect.ImmutableList                                         : loaded 3 times (x 206B)
Class com.google.common.collect.PeekingIterator                                       : loaded 3 times (x 70B)
Class com.google.common.base.Preconditions                                            : loaded 3 times (x 71B)
Class org.gradle.internal.IoActions                                                   : loaded 3 times (x 71B)
Class org.gradle.api.GradleException                                                  : loaded 3 times (x 82B)
Class org.gradle.api.Action                                                           : loaded 3 times (x 70B)
Class org.gradle.internal.Cast                                                        : loaded 3 times (x 71B)
Class com.google.common.collect.Iterators$MergingIterator                             : loaded 3 times (x 81B)
Class com.google.common.collect.ImmutableCollection                                   : loaded 3 times (x 125B)
Class com.google.common.collect.UnmodifiableListIterator                              : loaded 3 times (x 95B)
Class com.google.common.collect.Iterators$5                                           : loaded 3 times (x 82B)
Class com.google.common.collect.Iterators$4                                           : loaded 3 times (x 82B)
Class com.google.common.collect.Iterators$1                                           : loaded 3 times (x 81B)
Class com.google.common.collect.Iterators$9                                           : loaded 3 times (x 81B)
Class com.google.common.collect.AbstractIndexedListIterator                           : loaded 3 times (x 96B)
Class com.google.common.collect.AbstractIterator                                      : loaded 3 times (x 82B)
Class com.google.common.collect.Iterators                                             : loaded 3 times (x 71B)
Class com.google.common.collect.Iterators$SingletonIterator                           : loaded 3 times (x 81B)
Class com.google.common.collect.UnmodifiableIterator                                  : loaded 3 times (x 80B)
Class com.google.common.collect.Iterators$ArrayItr                                    : loaded 3 times (x 97B)
Class [Lorg.gradle.api.internal.ClassPathProvider;                                    : loaded 2 times (x 69B)
Class org.gradle.api.internal.ClassPathProvider                                       : loaded 2 times (x 70B)
Class jdk.internal.jrtfs.SystemImage                                                  : loaded 2 times (x 74B)
Class org.gradle.internal.service.UnknownServiceException                             : loaded 2 times (x 83B)
Class com.google.common.collect.MapDifference                                         : loaded 2 times (x 70B)
Class jdk.internal.jimage.ImageReader$LinkNode                                        : loaded 2 times (x 84B)
Class org.gradle.internal.classpath.TransformedClassPath                              : loaded 2 times (x 96B)
Class org.gradle.internal.classloader.InstrumentingClassLoader                        : loaded 2 times (x 70B)
Class org.gradle.api.internal.DefaultClassPathProvider                                : loaded 2 times (x 76B)
Class com.google.common.collect.ImmutableCollection$Builder                           : loaded 2 times (x 76B)
Class jdk.internal.jrtfs.SystemImage$1                                                : loaded 2 times (x 78B)
Class kotlin.enums.EnumEntriesList                                                    : loaded 2 times (x 223B)
Class jdk.internal.jrtfs.SystemImage$2                                                : loaded 2 times (x 76B)
Class sync_studio_tooling2_156dtg050h469twzxu4uiqtgi$_run_closure1                    : loaded 2 times (x 139B)
Class org.gradle.tooling.internal.gradle.DefaultProjectIdentifier                     : loaded 2 times (x 86B)
Class org.gradle.internal.service.ServiceLocator                                      : loaded 2 times (x 70B)
Class com.google.common.collect.ImmutableEnumMap                                      : loaded 2 times (x 126B)
Class com.google.common.collect.AbstractMapEntry                                      : loaded 2 times (x 81B)
Class jdk.internal.jrtfs.JrtFileSystemProvider                                        : loaded 2 times (x 101B)
Class com.intellij.gradle.toolingExtension.util.GradleVersionUtil                     : loaded 2 times (x 71B)
Class org.gradle.tooling.model.UnsupportedMethodException                             : loaded 2 times (x 82B)
Class com.google.common.collect.RegularImmutableAsList                                : loaded 2 times (x 217B)
Class org.gradle.api.internal.classpath.EffectiveClassPath                            : loaded 2 times (x 90B)
Class org.gradle.kotlin.dsl.VersionCatalogAccessorsKt                                 : loaded 2 times (x 71B)
Class jdk.internal.jimage.ImageLocation                                               : loaded 2 times (x 90B)
Class jdk.internal.jrtfs.JrtDirectoryStream$1                                         : loaded 2 times (x 83B)
Class com.google.common.collect.Lists$StringAsImmutableList                           : loaded 2 times (x 207B)
Class jdk.internal.jimage.ImageBufferCache$1                                          : loaded 2 times (x 83B)
Class org.gradle.internal.time.DefaultTimer                                           : loaded 2 times (x 80B)
Class org.gradle.internal.classloader.ClasspathUtil$1                                 : loaded 2 times (x 76B)
Class com.google.common.collect.IndexedImmutableSet                                   : loaded 2 times (x 152B)
Class com.google.common.collect.ImmutableMap$1                                        : loaded 2 times (x 81B)
Class com.google.common.collect.BiMap                                                 : loaded 2 times (x 70B)
Class jdk.internal.jimage.ImageBufferCache$2                                          : loaded 2 times (x 91B)
Class org.gradle.api.internal.classpath.DefaultModuleRegistry$DefaultModule           : loaded 2 times (x 86B)
Class [Lcom.google.common.collect.ImmutableMapEntry;                                  : loaded 2 times (x 69B)
Class org.gradle.internal.classloader.ClassLoaderVisitor                              : loaded 2 times (x 76B)
Class org.gradle.internal.time.DefaultCountdownTimer                                  : loaded 2 times (x 88B)
Class com.google.common.collect.ImmutableMapEntrySet                                  : loaded 2 times (x 152B)
Class org.gradle.tooling.internal.gradle.DefaultBuildIdentifier                       : loaded 2 times (x 79B)
Class org.gradle.api.internal.classpath.Module                                        : loaded 2 times (x 70B)
Class org.gradle.api.internal.classpath.UnknownModuleException                        : loaded 2 times (x 82B)
Class jdk.internal.jimage.ImageHeader                                                 : loaded 2 times (x 71B)
Class com.google.common.collect.ImmutableMap$Builder                                  : loaded 2 times (x 82B)
Class org.gradle.tooling.internal.gradle.GradleProjectIdentity                        : loaded 2 times (x 70B)
Class org.gradle.api.internal.DefaultClassPathRegistry                                : loaded 2 times (x 76B)
Class org.gradle.api.internal.ClassPathRegistry                                       : loaded 2 times (x 70B)
Class org.gradle.internal.classpath.DefaultClassPath$ImmutableUniqueList              : loaded 2 times (x 199B)
Class jdk.internal.jimage.decompressor.ResourceDecompressor                           : loaded 2 times (x 70B)
Class com.google.common.collect.SingletonImmutableList                                : loaded 2 times (x 207B)
Class kotlin.collections.AbstractList$Companion                                       : loaded 2 times (x 71B)
Class Settings_gradle$1                                                               : loaded 2 times (x 74B)
Class org.gradle.internal.classpath.ClassPath                                         : loaded 2 times (x 70B)
Class com.google.common.collect.ImmutableList$ReverseImmutableList                    : loaded 2 times (x 209B)
Class org.gradle.internal.classloader.DefaultClassLoaderFactory                       : loaded 2 times (x 82B)
Class jdk.internal.jimage.ImageStringsReader                                          : loaded 2 times (x 80B)
Class org.gradle.tooling.model.Model                                                  : loaded 2 times (x 70B)
Class com.google.common.collect.SingletonImmutableSet                                 : loaded 2 times (x 146B)
Class com.google.common.collect.ImmutableMap$IteratorBasedImmutableMap                : loaded 2 times (x 126B)
Class kotlin.UninitializedPropertyAccessException                                     : loaded 2 times (x 82B)
Class jdk.internal.jimage.ImageReader                                                 : loaded 2 times (x 75B)
Class org.gradle.internal.operations.MultipleBuildOperationFailures                   : loaded 2 times (x 95B)
Class com.google.common.collect.ImmutableBiMap                                        : loaded 2 times (x 143B)
Class jdk.internal.jimage.ImageReader$SharedImageReader                               : loaded 2 times (x 95B)
Class org.gradle.api.internal.classpath.ModuleRegistry                                : loaded 2 times (x 70B)
Class org.gradle.internal.installation.GradleInstallation$1                           : loaded 2 times (x 75B)
Class jdk.internal.jimage.decompressor.StringSharingDecompressorFactory               : loaded 2 times (x 74B)
Class jdk.internal.jimage.decompressor.ResourceDecompressorFactory                    : loaded 2 times (x 74B)
Class com.google.common.collect.ImmutableMap$MapViewOfValuesAsSingletonSets           : loaded 2 times (x 126B)
Class jdk.internal.jimage.ImageReader$Node                                            : loaded 2 times (x 84B)
Class org.gradle.api.internal.classpath.DefaultModuleRegistry                         : loaded 2 times (x 86B)
Class com.google.common.base.Converter                                                : loaded 2 times (x 90B)
Class com.google.common.collect.ImmutableSet$CachingAsList                            : loaded 2 times (x 148B)
Class jdk.internal.jimage.BasicImageReader$1                                          : loaded 2 times (x 77B)
Class com.google.common.collect.Lists                                                 : loaded 2 times (x 71B)
Class com.google.common.collect.RegularImmutableMap                                   : loaded 2 times (x 121B)
Class com.google.common.collect.ImmutableAsList                                       : loaded 2 times (x 209B)
Class jdk.internal.jimage.decompressor.Decompressor                                   : loaded 2 times (x 72B)
Class jdk.internal.jimage.ImageReader$Resource                                        : loaded 2 times (x 84B)
Class org.gradle.internal.time.MonotonicClock                                         : loaded 2 times (x 77B)
Class org.gradle.internal.service.ServiceLookupException                              : loaded 2 times (x 82B)
Class jdk.internal.jrtfs.JrtFileAttributes                                            : loaded 2 times (x 83B)
Class org.gradle.internal.classloader.ClassLoaderFactory                              : loaded 2 times (x 70B)
Class org.gradle.internal.service.CachingServiceLocator                               : loaded 2 times (x 82B)
Class com.google.common.collect.ImmutableMapEntry                                     : loaded 2 times (x 85B)
Class org.gradle.internal.time.TimeSource                                             : loaded 2 times (x 70B)
Class com.google.common.base.Function                                                 : loaded 2 times (x 70B)
Class com.google.common.collect.ImmutableMapEntry$NonTerminalImmutableMapEntry        : loaded 2 times (x 85B)
Class org.gradle.tooling.internal.gradle.GradleBuildIdentity                          : loaded 2 times (x 70B)
Class kotlin.enums.EnumEntries                                                        : loaded 2 times (x 70B)
Class com.google.common.collect.RegularImmutableList                                  : loaded 2 times (x 213B)
Class org.gradle.internal.exceptions.ResolutionProvider                               : loaded 2 times (x 70B)
Class jdk.internal.jimage.ImageBufferCache                                            : loaded 2 times (x 71B)
Class jdk.internal.jrtfs.JrtPath                                                      : loaded 2 times (x 118B)
Class org.gradle.tooling.model.ProjectIdentifier                                      : loaded 2 times (x 70B)
Class org.gradle.internal.classloader.ClasspathUtil                                   : loaded 2 times (x 71B)
Class com.google.common.collect.Maps                                                  : loaded 2 times (x 71B)
Class org.gradle.internal.time.TimeSource$1                                           : loaded 2 times (x 77B)
Class kotlin.jvm.internal.DefaultConstructorMarker                                    : loaded 2 times (x 71B)
Class org.gradle.api.specs.Spec                                                       : loaded 2 times (x 70B)
Class [Lcom.google.common.collect.ImmutableEntry;                                     : loaded 2 times (x 69B)
Class jdk.internal.jimage.ImageReader$SharedImageReader$LocationVisitor               : loaded 2 times (x 70B)
Class ijInit1_6owubyqclomqbo3lc58vbhdij$_run_closure1                                 : loaded 2 times (x 140B)
Class sync_studio_tooling2_156dtg050h469twzxu4uiqtgi                                  : loaded 2 times (x 171B)
Class jdk.internal.jimage.decompressor.ResourceDecompressorRepository                 : loaded 2 times (x 71B)
Class com.intellij.gradle.toolingExtension.impl.model.utilDummyModel.DummyModel       : loaded 2 times (x 70B)
Class org.gradle.internal.time.Clock                                                  : loaded 2 times (x 70B)
Class com.google.common.collect.Maps$8                                                : loaded 2 times (x 82B)
Class jdk.internal.jimage.ImageReader$Directory                                       : loaded 2 times (x 84B)
Class kotlin.collections.AbstractList                                                 : loaded 2 times (x 197B)
Class kotlin.collections.AbstractCollection                                           : loaded 2 times (x 117B)
Class org.gradle.internal.classloader.VisitableURLClassLoader$InstrumentingVisitableURLClassLoader: loaded 2 times (x 123B)
Class org.gradle.internal.classloader.VisitableURLClassLoader$Spec                    : loaded 2 times (x 74B)
Class org.gradle.internal.classpath.DefaultClassPath                                  : loaded 2 times (x 90B)
Class jdk.internal.jimage.decompressor.ZipDecompressorFactory                         : loaded 2 times (x 74B)
Class org.gradle.util.internal.DefaultGradleVersion                                   : loaded 2 times (x 82B)
Class com.google.common.collect.RegularImmutableMap$Values                            : loaded 2 times (x 207B)
Class com.google.common.collect.ImmutableSet                                          : loaded 2 times (x 145B)
Class org.gradle.internal.classloader.ClassLoaderSpec                                 : loaded 2 times (x 71B)
Class Settings_gradle$1$1                                                             : loaded 2 times (x 74B)
Class org.gradle.internal.classloader.VisitableURLClassLoader                         : loaded 2 times (x 117B)
Class Settings_gradle                                                                 : loaded 2 times (x 124B)
Class com.google.gson.stream.MalformedJsonException                                   : loaded 2 times (x 82B)
Class org.gradle.api.internal.classpath.ManifestUtil                                  : loaded 2 times (x 71B)
Class jdk.internal.jimage.decompressor.ZipDecompressor                                : loaded 2 times (x 75B)
Class com.google.common.collect.ImmutableMap                                          : loaded 2 times (x 120B)
Class org.gradle.internal.classpath.DefaultClassPath$ImmutableUniqueList$Builder      : loaded 2 times (x 75B)
Class [Lcom.google.common.collect.AbstractMapEntry;                                   : loaded 2 times (x 69B)
Class com.google.common.collect.ImmutableEntry                                        : loaded 2 times (x 82B)
Class com.google.common.collect.ImmutableList$1                                       : loaded 2 times (x 97B)
Class org.gradle.internal.exceptions.NonGradleCauseExceptionsHolder                   : loaded 2 times (x 70B)
Class com.google.common.collect.CollectPreconditions                                  : loaded 2 times (x 71B)
Class jdk.internal.jimage.ImageStrings                                                : loaded 2 times (x 70B)
Class com.google.common.collect.SortedMapDifference                                   : loaded 2 times (x 70B)
Class org.gradle.internal.classloader.ClassLoaderHierarchy                            : loaded 2 times (x 70B)
Class kotlin.enums.EnumEntriesKt                                                      : loaded 2 times (x 71B)
Class com.google.common.collect.ImmutableSet$RegularSetBuilderImpl                    : loaded 2 times (x 77B)
Class org.gradle.internal.classloader.SystemClassLoaderSpec                           : loaded 2 times (x 71B)
Class org.gradle.internal.exceptions.MultiCauseException                              : loaded 2 times (x 70B)
Class org.gradle.internal.time.CountdownTimer                                         : loaded 2 times (x 70B)
Class kotlin.jvm.internal.Intrinsics                                                  : loaded 2 times (x 71B)
Class com.google.common.collect.RegularImmutableMap$BucketOverflowException           : loaded 2 times (x 82B)
Class jdk.internal.jrtfs.JrtFileSystem                                                : loaded 2 times (x 102B)
Class org.gradle.tooling.model.ProjectModel                                           : loaded 2 times (x 70B)
Class jdk.internal.jimage.decompressor.CompressedResourceHeader                       : loaded 2 times (x 71B)
Class kotlin.KotlinNullPointerException                                               : loaded 2 times (x 83B)
Class org.gradle.internal.exceptions.DefaultMultiCauseException                       : loaded 2 times (x 95B)
Class com.google.common.collect.Hashing                                               : loaded 2 times (x 71B)
Class jdk.internal.jimage.BasicImageReader                                            : loaded 2 times (x 95B)
Class com.google.gson.stream.JsonReader                                               : loaded 2 times (x 97B)
Class org.gradle.internal.classloader.FilteringClassLoader                            : loaded 2 times (x 105B)
Class org.gradle.internal.time.Time                                                   : loaded 2 times (x 71B)
Class org.gradle.api.internal.classpath.GlobalCacheRootsProvider                      : loaded 2 times (x 70B)
Class com.google.common.collect.Maps$BiMapConverter                                   : loaded 2 times (x 90B)
Class com.google.common.collect.ImmutableMapEntrySet$RegularEntrySet                  : loaded 2 times (x 152B)
Class org.gradle.tooling.model.BuildIdentifier                                        : loaded 2 times (x 70B)
Class kotlin.NoWhenBranchMatchedException                                             : loaded 2 times (x 82B)
Class Build_gradle                                                                    : loaded 2 times (x 72B)
Class org.gradle.internal.time.Timer                                                  : loaded 2 times (x 70B)
Class kotlin.jvm.internal.markers.KMappedMarker                                       : loaded 2 times (x 70B)
Class org.gradle.internal.installation.CurrentGradleInstallationLocator               : loaded 2 times (x 71B)
Class kotlin.NotImplementedError                                                      : loaded 2 times (x 82B)
Class org.gradle.internal.service.DefaultServiceLocator                               : loaded 2 times (x 83B)
Class com.google.common.collect.ImmutableSet$SetBuilderImpl                           : loaded 2 times (x 76B)
Class jdk.internal.jrtfs.JrtDirectoryStream                                           : loaded 2 times (x 89B)
Class org.gradle.util.GradleVersion                                                   : loaded 2 times (x 81B)
Class org.gradle.internal.installation.CurrentGradleInstallation                      : loaded 2 times (x 73B)
Class com.google.common.collect.ImmutableList$SubList                                 : loaded 2 times (x 209B)
Class ijInit1_6owubyqclomqbo3lc58vbhdij                                               : loaded 2 times (x 171B)
Class org.gradle.util.internal.GUtil                                                  : loaded 2 times (x 71B)
Class com.google.common.collect.RegularImmutableMap$KeySet                            : loaded 2 times (x 152B)
Class com.google.common.collect.RegularImmutableSet                                   : loaded 2 times (x 149B)
Class org.gradle.internal.installation.GradleInstallation                             : loaded 2 times (x 75B)
Class jdk.internal.jimage.decompressor.ResourceDecompressor$StringsProvider           : loaded 2 times (x 70B)

---------------  S Y S T E M  ---------------

OS:
 Windows 10 , 64 bit Build 19041 (10.0.19041.3636)
OS uptime: 0 days 1:27 hours
Hyper-V role detected

CPU: total 4 (initial active 4) (2 cores per cpu, 2 threads per core) family 6 model 58 stepping 9 microcode 0x21, cx8, cmov, fxsr, ht, mmx, sse, sse2, sse3, ssse3, sse4.1, sse4.2, popcnt, tsc, tscinvbit, avx, aes, erms, clmul, vzeroupper, clflush, hv, rdtscp, f16c
Processor Information for the first 4 processors :
  Max Mhz: 2601, Current Mhz: 2601, Mhz Limit: 2601

Memory: 4k page, system-wide physical 6017M (711M free)
TotalPageFile size 10113M (AvailPageFile size 4M)
current process WorkingSet (physical memory assigned to process): 754M, peak: 791M
current process commit charge ("private bytes"): 843M, peak: 882M

vm_info: OpenJDK 64-Bit Server VM (21.0.9+-14787801-b1163.94) for windows-amd64 JRE (21.0.9+-14787801-b1163.94), built on 2026-01-27T21:15:44Z by "builder" with MS VC++ 16.10 / 16.11 (VS2019)

END.
